Cutoff,Home Team,Away Team,Margin,PMF
2026-03-17,Liberty,George Mason,-130,3.224835700680827e-22
2026-03-17,Liberty,George Mason,-129,8.076042907071869e-21
2026-03-17,Liberty,George Mason,-128,1.0395464650188064e-19
2026-03-17,Liberty,George Mason,-127,9.163916390007332e-19
2026-03-17,Liberty,George Mason,-126,6.219815032381039e-18
2026-03-17,Liberty,George Mason,-125,3.4649023022944304e-17
2026-03-17,Liberty,George Mason,-124,1.649276014179671e-16
2026-03-17,Liberty,George Mason,-123,6.895638677965315e-16
2026-03-17,Liberty,George Mason,-122,2.58378638950415e-15
2026-03-17,Liberty,George Mason,-121,8.809624858396578e-15
2026-03-17,Liberty,George Mason,-120,2.7660535563489533e-14
2026-03-17,Liberty,George Mason,-119,8.074752446661728e-14
2026-03-17,Liberty,George Mason,-118,2.2088936916595913e-13
2026-03-17,Liberty,George Mason,-117,5.699539401744157e-13
2026-03-17,Liberty,George Mason,-116,1.394843424474213e-12
2026-03-17,Liberty,George Mason,-115,3.253006736830741e-12
2026-03-17,Liberty,George Mason,-114,7.259246670028502e-12
2026-03-17,Liberty,George Mason,-113,1.555573785134419e-11
2026-03-17,Liberty,George Mason,-112,3.210994508073853e-11
2026-03-17,Liberty,George Mason,-111,6.402345136273368e-11
2026-03-17,Liberty,George Mason,-110,1.236112262817055e-10
2026-03-17,Liberty,George Mason,-109,2.3160757481137624e-10
2026-03-17,Liberty,George Mason,-108,4.219727808099461e-10
2026-03-17,Liberty,George Mason,-107,7.489126408618646e-10
2026-03-17,Liberty,George Mason,-106,1.296879138830592e-09
2026-03-17,Liberty,George Mason,-105,2.194489834798875e-09
2026-03-17,Liberty,George Mason,-104,3.6334794698532905e-09
2026-03-17,Liberty,George Mason,-103,5.8939713518155875e-09
2026-03-17,Liberty,George Mason,-102,9.377518522947165e-09
2026-03-17,Liberty,George Mason,-101,1.4649505202707097e-08
2026-03-17,Liberty,George Mason,-100,2.2492607599229626e-08
2026-03-17,Liberty,George Mason,-99,3.397308133030482e-08
2026-03-17,Liberty,George Mason,-98,5.052166422216415e-08
2026-03-17,Liberty,George Mason,-97,7.403085528440647e-08
2026-03-17,Liberty,George Mason,-96,1.0697025427043878e-07
2026-03-17,Liberty,George Mason,-95,1.5252152681478822e-07
2026-03-17,Liberty,George Mason,-94,2.1473440737463282e-07
2026-03-17,Liberty,George Mason,-93,2.9870497965308247e-07
2026-03-17,Liberty,George Mason,-92,4.107772984840867e-07
2026-03-17,Liberty,George Mason,-91,5.587692568994985e-07
2026-03-17,Liberty,George Mason,-90,7.52223476436793e-07
2026-03-17,Liberty,George Mason,-89,1.0026839258996872e-06
2026-03-17,Liberty,George Mason,-88,1.3239989695022724e-06
2026-03-17,Liberty,George Mason,-87,1.732651621462402e-06
2026-03-17,Liberty,George Mason,-86,2.2481179474055214e-06
2026-03-17,Liberty,George Mason,-85,2.8932548041211387e-06
2026-03-17,Liberty,George Mason,-84,3.694718442441409e-06
2026-03-17,Liberty,George Mason,-83,4.683415900729103e-06
2026-03-17,Liberty,George Mason,-82,5.8949915696423336e-06
2026-03-17,Liberty,George Mason,-81,7.370351787576026e-06
2026-03-17,Liberty,George Mason,-80,9.156230800591694e-06
2026-03-17,Liberty,George Mason,-79,1.1305801857019492e-05
2026-03-17,Liberty,George Mason,-78,1.3879337568973812e-05
2026-03-17,Liberty,George Mason,-77,1.6944923923272598e-05
2026-03-17,Liberty,George Mason,-76,2.057923242528573e-05
2026-03-17,Liberty,George Mason,-75,2.486835477499204e-05
2026-03-17,Liberty,George Mason,-74,2.9908704171328976e-05
2026-03-17,Liberty,George Mason,-73,3.5807986788448064e-05
2026-03-17,Liberty,George Mason,-72,4.2686246139462644e-05
2026-03-17,Liberty,George Mason,-71,5.0676981918024125e-05
2026-03-17,Liberty,George Mason,-70,5.992834346892124e-05
2026-03-17,Liberty,George Mason,-69,7.060439627446862e-05
2026-03-17,Liberty,George Mason,-68,8.288645774782938e-05
2026-03-17,Liberty,George Mason,-67,9.697449619735565e-05
2026-03-17,Liberty,George Mason,-66,0.00011308858407315387
2026-03-17,Liberty,George Mason,-65,0.00013147039354018567
2026-03-17,Liberty,George Mason,-64,0.00015238471905963265
2026-03-17,Liberty,George Mason,-63,0.0001761210080274038
2026-03-17,Liberty,George Mason,-62,0.0002029948766486984
2026-03-17,Liberty,George Mason,-61,0.0002333495841621373
2026-03-17,Liberty,George Mason,-60,0.00026755743431725824
2026-03-17,Liberty,George Mason,-59,0.00030602106871660957
2026-03-17,Liberty,George Mason,-58,0.00034917461233113366
2026-03-17,Liberty,George Mason,-57,0.00039748462727001645
2026-03-17,Liberty,George Mason,-56,0.0004514508268316845
2026-03-17,Liberty,George Mason,-55,0.0005116064980925116
2026-03-17,Liberty,George Mason,-54,0.0005785185779288422
2026-03-17,Liberty,George Mason,-53,0.0006527873245540166
2026-03-17,Liberty,George Mason,-52,0.000735045524535149
2026-03-17,Liberty,George Mason,-51,0.0008259571739948142
2026-03-17,Liberty,George Mason,-50,0.0009262155724688572
2026-03-17,Liberty,George Mason,-49,0.0010365407688564241
2026-03-17,Liberty,George Mason,-48,0.0011576763012354752
2026-03-17,Liberty,George Mason,-47,0.0012903851761959311
2026-03-17,Liberty,George Mason,-46,0.001435445038921663
2026-03-17,Liberty,George Mason,-45,0.0015936424926738092
2026-03-17,Liberty,George Mason,-44,0.001765766535708165
2026-03-17,Liberty,George Mason,-43,0.0019526010950834814
2026-03-17,Liberty,George Mason,-42,0.0021549166503290183
2026-03-17,Liberty,George Mason,-41,0.002373460955533156
2026-03-17,Liberty,George Mason,-40,0.002608948886027506
2026-03-17,Liberty,George Mason,-39,0.0028620514553446877
2026-03-17,Liberty,George Mason,-38,0.003133384069323943
2026-03-17,Liberty,George Mason,-37,0.003423494106850553
2026-03-17,Liberty,George Mason,-36,0.0037328479403875357
2026-03-17,Liberty,George Mason,-35,0.004061817533754252
2026-03-17,Liberty,George Mason,-34,0.004410666779011038
2026-03-17,Liberty,George Mason,-33,0.004779537758231866
2026-03-17,Liberty,George Mason,-32,0.005168437138732392
2026-03-17,Liberty,George Mason,-31,0.005577222931258086
2026-03-17,Liberty,George Mason,-30,0.006005591858977365
2026-03-17,Liberty,George Mason,-29,0.0064530676000979555
2026-03-17,Liberty,George Mason,-28,0.006918990177763486
2026-03-17,Liberty,George Mason,-27,0.007402506776851099
2026-03-17,Liberty,George Mason,-26,0.007902564267692794
2026-03-17,Liberty,George Mason,-25,0.008417903710980414
2026-03-17,Liberty,George Mason,-24,0.008947057105694692
2026-03-17,Liberty,George Mason,-23,0.009488346622472736
2026-03-17,Liberty,George Mason,-22,0.010039886538212545
2026-03-17,Liberty,George Mason,-21,0.010599588053916215
2026-03-17,Liberty,George Mason,-20,0.011165167137014757
2026-03-17,Liberty,George Mason,-19,0.011734155482138959
2026-03-17,Liberty,George Mason,-18,0.012303914631177826
2026-03-17,Liberty,George Mason,-17,0.012871653235399825
2026-03-17,Liberty,George Mason,-16,0.013434447380527318
2026-03-17,Liberty,George Mason,-15,0.013989263831272926
2026-03-17,Liberty,George Mason,-14,0.014532985986466108
2026-03-17,Liberty,George Mason,-13,0.015062442271151354
2026-03-17,Liberty,George Mason,-12,0.015574436629651226
2026-03-17,Liberty,George Mason,-11,0.016065780725325114
2026-03-17,Liberty,George Mason,-10,0.016533327400368364
2026-03-17,Liberty,George Mason,-9,0.01697400490416335
2026-03-17,Liberty,George Mason,-8,0.017384851362956442
2026-03-17,Liberty,George Mason,-7,0.017763048938341425
2026-03-17,Liberty,George Mason,-6,0.01810595710828099
2026-03-17,Liberty,George Mason,-5,0.01841114450300041
2026-03-17,Liberty,George Mason,-4,0.01867641873950772
2026-03-17,Liberty,George Mason,-3,0.018899853722843567
2026-03-17,Liberty,George Mason,-2,0.019079813919163514
2026-03-17,Liberty,George Mason,-1,0.01921497515475454
2026-03-17,Liberty,George Mason,0,0.019304341555057947
2026-03-17,Liberty,George Mason,1,0.019347216077998892
2026-03-17,Liberty,George Mason,2,0.01934333467828488
2026-03-17,Liberty,George Mason,3,0.019292744522642468
2026-03-17,Liberty,George Mason,4,0.019195845086559422
2026-03-17,Liberty,George Mason,5,0.01905338267117135
2026-03-17,Liberty,George Mason,6,0.018866440412221047
2026-03-17,Liberty,George Mason,7,0.018636423976012367
2026-03-17,Liberty,George Mason,8,0.018365043217623982
2026-03-17,Liberty,George Mason,9,0.01805429014989406
2026-03-17,Liberty,George Mason,10,0.01770641363607142
2026-03-17,Liberty,George Mason,11,0.01732389127307105
2026-03-17,Liberty,George Mason,12,0.01690939897482161
2026-03-17,Liberty,George Mason,13,0.016465778795460635
2026-03-17,Liberty,George Mason,14,0.015996005549700446
2026-03-17,Liberty,George Mason,15,0.015503152792514466
2026-03-17,Liberty,George Mason,16,0.014990358712704729
2026-03-17,Liberty,George Mason,17,0.01446079247556692
2026-03-17,Liberty,George Mason,18,0.01391762151974291
2026-03-17,Liberty,George Mason,19,0.01336398027366539
2026-03-17,Liberty,George Mason,20,0.012802940709195713
2026-03-17,Liberty,George Mason,21,0.012237485095722677
2026-03-17,Liberty,George Mason,22,0.011670481258809358
2026-03-17,Liberty,George Mason,23,0.01110466058516941
2026-03-17,Liberty,George Mason,24,0.0105425989520219
2026-03-17,Liberty,George Mason,25,0.009986700695346
2026-03-17,Liberty,George Mason,26,0.009439185669747495
2026-03-17,Liberty,George Mason,27,0.008902079393918492
2026-03-17,Liberty,George Mason,28,0.008377206221197371
2026-03-17,Liberty,George Mason,29,0.007866185425489539
2026-03-17,Liberty,George Mason,30,0.007370430049546866
2026-03-17,Liberty,George Mason,31,0.006891148325857378
2026-03-17,Liberty,George Mason,32,0.006429347450483359
2026-03-17,Liberty,George Mason,33,0.005985839467211995
2026-03-17,Liberty,George Mason,34,0.0055612490032658154
2026-03-17,Liberty,George Mason,35,0.005156022588304902
2026-03-17,Liberty,George Mason,36,0.004770439285138793
2026-03-17,Liberty,George Mason,37,0.004404622362933168
2026-03-17,Liberty,George Mason,38,0.004058551751130465
2026-03-17,Liberty,George Mason,39,0.0037320770241277296
2026-03-17,Liberty,George Mason,40,0.0034249306822518896
2026-03-17,Liberty,George Mason,41,0.0031367415130118654
2026-03-17,Liberty,George Mason,42,0.002867047837266195
2026-03-17,Liberty,George Mason,43,0.0026153104671288833
2026-03-17,Liberty,George Mason,44,0.002380925225493429
2026-03-17,Liberty,George Mason,45,0.002163234900389938
2026-03-17,Liberty,George Mason,46,0.0019615405304723526
2026-03-17,Liberty,George Mason,47,0.0017751119403037452
2026-03-17,Liberty,George Mason,48,0.0016031974653827985
2026-03-17,Liberty,George Mason,49,0.0014450328267251046
2026-03-17,Liberty,George Mason,50,0.0012998491330425575
2026-03-17,Liberty,George Mason,51,0.0011668800049861978
2026-03-17,Liberty,George Mason,52,0.001045367830429476
2026-03-17,Liberty,George Mason,53,0.0009345691723246627
2026-03-17,Liberty,George Mason,54,0.0008337593612698918
2026-03-17,Liberty,George Mason,55,0.0007422363136254013
2026-03-17,Liberty,George Mason,56,0.0006593236228974444
2026-03-17,Liberty,George Mason,57,0.000584372977276765
2026-03-17,Liberty,George Mason,58,0.0005167659598057655
2026-03-17,Liberty,George Mason,59,0.0004559152897985909
2026-03-17,Liberty,George Mason,60,0.000401265565003743
2026-03-17,Liberty,George Mason,61,0.0003522935637349186
2026-03-17,Liberty,George Mason,62,0.00030850816495737635
2026-03-17,Liberty,George Mason,63,0.00026944994225467365
2026-03-17,Liberty,George Mason,64,0.0002346904848580581
2026-03-17,Liberty,George Mason,65,0.00020383149563359994
2026-03-17,Liberty,George Mason,66,0.0001765037122164135
2026-03-17,Liberty,George Mason,67,0.0001523656934729729
2026-03-17,Liberty,George Mason,68,0.00013110250926748194
2026-03-17,Liberty,George Mason,69,0.00011242436720238164
2026-03-17,Liberty,George Mason,70,9.606520568269777e-05
2026-03-17,Liberty,George Mason,71,8.178127839633528e-05
2026-03-17,Liberty,George Mason,72,6.934975117628477e-05
2026-03-17,Liberty,George Mason,73,5.856732827658197e-05
2026-03-17,Liberty,George Mason,74,4.9248921404390334e-05
2026-03-17,Liberty,George Mason,75,4.122637145067854e-05
2026-03-17,Liberty,George Mason,76,3.434722978868818e-05
2026-03-17,Liberty,George Mason,77,2.8473603291747457e-05
2026-03-17,Liberty,George Mason,78,2.3481064880606165e-05
2026-03-17,Liberty,George Mason,79,1.92576294571585e-05
2026-03-17,Liberty,George Mason,80,1.570279351884188e-05
2026-03-17,Liberty,George Mason,81,1.2726635569377038e-05
2026-03-17,Liberty,George Mason,82,1.0248973630572176e-05
2026-03-17,Liberty,George Mason,83,8.198575691136265e-06
2026-03-17,Liberty,George Mason,84,6.512418767610918e-06
2026-03-17,Liberty,George Mason,85,5.1349923577522365e-06
2026-03-17,Liberty,George Mason,86,4.017642389780292e-06
2026-03-17,Liberty,George Mason,87,3.117952259207335e-06
2026-03-17,Liberty,George Mason,88,2.399158143453747e-06
2026-03-17,Liberty,George Mason,89,1.8295964382055783e-06
2026-03-17,Liberty,George Mason,90,1.3821818160578004e-06
2026-03-17,Liberty,George Mason,91,1.0339150200085155e-06
2026-03-17,Liberty,George Mason,92,7.654200316627739e-07
2026-03-17,Liberty,George Mason,93,5.605106655168014e-07
2026-03-17,Liberty,George Mason,94,4.057869158185215e-07
2026-03-17,Liberty,George Mason,95,2.9026151176559775e-07
2026-03-17,Liberty,George Mason,96,2.0501712183081209e-07
2026-03-17,Liberty,George Mason,97,1.4289450073892025e-07
2026-03-17,Liberty,George Mason,98,9.82116138516519e-08
2026-03-17,Liberty,George Mason,99,6.651343103170492e-08
2026-03-17,Liberty,George Mason,100,4.435168734684608e-08
2026-03-17,Liberty,George Mason,101,2.9093494744680523e-08
2026-03-17,Liberty,George Mason,102,1.8757289495634702e-08
2026-03-17,Liberty,George Mason,103,1.1874243642470117e-08
2026-03-17,Liberty,George Mason,104,7.372978227432486e-09
2026-03-17,Liberty,George Mason,105,4.4852080407067295e-09
2026-03-17,Liberty,George Mason,106,2.6698307129701042e-09
2026-03-17,Liberty,George Mason,107,1.5529481641167433e-09
2026-03-17,Liberty,George Mason,108,8.813697573294313e-10
2026-03-17,Liberty,George Mason,109,4.872823237304127e-10
2026-03-17,Liberty,George Mason,110,2.619667937955069e-10
2026-03-17,Liberty,George Mason,111,1.3667656007377323e-10
2026-03-17,Liberty,George Mason,112,6.905057535937933e-11
2026-03-17,Liberty,George Mason,113,3.369746639947206e-11
2026-03-17,Liberty,George Mason,114,1.584102045818561e-11
2026-03-17,Liberty,George Mason,115,7.15101297290058e-12
2026-03-17,Liberty,George Mason,116,3.0889086344287434e-12
2026-03-17,Liberty,George Mason,117,1.2715174514131338e-12
2026-03-17,Liberty,George Mason,118,4.964394297553678e-13
2026-03-17,Liberty,George Mason,119,1.828249449037226e-13
2026-03-17,Liberty,George Mason,120,6.309391272216125e-14
2026-03-17,Liberty,George Mason,121,2.024467276587887e-14
2026-03-17,Liberty,George Mason,122,5.981942304309477e-15
2026-03-17,Liberty,George Mason,123,1.6084151164446989e-15
2026-03-17,Liberty,George Mason,124,3.875794712235846e-16
2026-03-17,Liberty,George Mason,125,8.203664672490375e-17
2026-03-17,Liberty,George Mason,126,1.483711769488998e-17
2026-03-17,Liberty,George Mason,127,2.2024903294246184e-18
2026-03-17,Liberty,George Mason,128,2.5173479342750746e-19
2026-03-17,Liberty,George Mason,129,1.970470809402109e-20
2026-03-17,Liberty,George Mason,130,7.927871530413508e-22
2026-03-17,UMBC,Howard,-130,1.9558814115765152e-22
2026-03-17,UMBC,Howard,-129,4.913580219688548e-21
2026-03-17,UMBC,Howard,-128,6.344644687594752e-20
2026-03-17,UMBC,Howard,-127,5.610583224898364e-19
2026-03-17,UMBC,Howard,-126,3.820035903591286e-18
2026-03-17,UMBC,Howard,-125,2.1347337707417194e-17
2026-03-17,UMBC,Howard,-124,1.0193153595811907e-16
2026-03-17,UMBC,Howard,-123,4.2751568427808196e-16
2026-03-17,UMBC,Howard,-122,1.606927981364372e-15
2026-03-17,UMBC,Howard,-121,5.4961615800567896e-15
2026-03-17,UMBC,Howard,-120,1.7311115425810644e-14
2026-03-17,UMBC,Howard,-119,5.069397021804117e-14
2026-03-17,UMBC,Howard,-118,1.3911208878630528e-13
2026-03-17,UMBC,Howard,-117,3.600752378555175e-13
2026-03-17,UMBC,Howard,-116,8.839811360810666e-13
2026-03-17,UMBC,Howard,-115,2.0680797671381124e-12
2026-03-17,UMBC,Howard,-114,4.629558264086126e-12
2026-03-17,UMBC,Howard,-113,9.951884864008558e-12
2026-03-17,UMBC,Howard,-112,2.0607354145785127e-11
2026-03-17,UMBC,Howard,-111,4.121839666615551e-11
2026-03-17,UMBC,Howard,-110,7.983270610221812e-11
2026-03-17,UMBC,Howard,-109,1.500542851483431e-10
2026-03-17,UMBC,Howard,-108,2.7425514420640036e-10
2026-03-17,UMBC,Howard,-107,4.882906678093475e-10
2026-03-17,UMBC,Howard,-106,8.482544344407712e-10
2026-03-17,UMBC,Howard,-105,1.4399329844217457e-09
2026-03-17,UMBC,Howard,-104,2.3917536903103133e-09
2026-03-17,UMBC,Howard,-103,3.892154188059427e-09
2026-03-17,UMBC,Howard,-102,6.212433439236165e-09
2026-03-17,UMBC,Howard,-101,9.736265506719136e-09
2026-03-17,UMBC,Howard,-100,1.4997160651626516e-08
2026-03-17,UMBC,Howard,-99,2.272523821360444e-08
2026-03-17,UMBC,Howard,-98,3.390472714186373e-08
2026-03-17,UMBC,Howard,-97,4.9843630279687e-08
2026-03-17,UMBC,Howard,-96,7.225697743210906e-08
2026-03-17,UMBC,Howard,-95,1.0336505264199531e-07
2026-03-17,UMBC,Howard,-94,1.4600791874752843e-07
2026-03-17,UMBC,Howard,-93,2.0377748580781114e-07
2026-03-17,UMBC,Howard,-92,2.811682903594971e-07
2026-03-17,UMBC,Howard,-91,3.8374808239346487e-07
2026-03-17,UMBC,Howard,-90,5.18349269905252e-07
2026-03-17,UMBC,Howard,-89,6.932822601454617e-07
2026-03-17,UMBC,Howard,-88,9.185717742535502e-07
2026-03-17,UMBC,Howard,-87,1.206217307439922e-06
2026-03-17,UMBC,Howard,-86,1.5704790666524245e-06
2026-03-17,UMBC,Howard,-85,2.028190944051876e-06
2026-03-17,UMBC,Howard,-84,2.5991023753781647e-06
2026-03-17,UMBC,Howard,-83,3.3062512803045633e-06
2026-03-17,UMBC,Howard,-82,4.176370675168319e-06
2026-03-17,UMBC,Howard,-81,5.240331970398714e-06
2026-03-17,UMBC,Howard,-80,6.5336283947319575e-06
2026-03-17,UMBC,Howard,-79,8.096902401553854e-06
2026-03-17,UMBC,Howard,-78,9.976521282328823e-06
2026-03-17,UMBC,Howard,-77,1.2225205509022823e-05
2026-03-17,UMBC,Howard,-76,1.4902714521612495e-05
2026-03-17,UMBC,Howard,-75,1.8076594737893944e-05
2026-03-17,UMBC,Howard,-74,2.1822994461109108e-05
2026-03-17,UMBC,Howard,-73,2.6227550067896673e-05
2026-03-17,UMBC,Howard,-72,3.138634734806008e-05
2026-03-17,UMBC,Howard,-71,3.7406961114243877e-05
2026-03-17,UMBC,Howard,-70,4.4409575182125224e-05
2026-03-17,UMBC,Howard,-69,5.252818352148381e-05
2026-03-17,UMBC,Howard,-68,6.19118717801503e-05
2026-03-17,UMBC,Howard,-67,7.272617647462828e-05
2026-03-17,UMBC,Howard,-66,8.515451691537889e-05
2026-03-17,UMBC,Howard,-65,9.939969238803921e-05
2026-03-17,UMBC,Howard,-64,0.00011568543424585552
2026-03-17,UMBC,Howard,-63,0.00013425799939067808
2026-03-17,UMBC,Howard,-62,0.0001553877881437944
2026-03-17,UMBC,Howard,-61,0.0001793709657549988
2026-03-17,UMBC,Howard,-60,0.00020653106279851515
2026-03-17,UMBC,Howard,-59,0.0002372205254974556
2026-03-17,UMBC,Howard,-58,0.0002718221826552626
2026-03-17,UMBC,Howard,-57,0.0003107505914162491
2026-03-17,UMBC,Howard,-56,0.0003544532196046984
2026-03-17,UMBC,Howard,-55,0.0004034114179943678
2026-03-17,UMBC,Howard,-54,0.0004581411316443455
2026-03-17,UMBC,Howard,-53,0.000519193295525436
2026-03-17,UMBC,Howard,-52,0.0005871538561916675
2026-03-17,UMBC,Howard,-51,0.0006626433583770755
2026-03-17,UMBC,Howard,-50,0.00074631603328518
2026-03-17,UMBC,Howard,-49,0.0008388583241654771
2026-03-17,UMBC,Howard,-48,0.0009409867847240124
2026-03-17,UMBC,Howard,-47,0.0010534452871843209
2026-03-17,UMBC,Howard,-46,0.0011770014795905522
2026-03-17,UMBC,Howard,-45,0.001312442436409862
2026-03-17,UMBC,Howard,-44,0.0014605694528159064
2026-03-17,UMBC,Howard,-43,0.0016221919413682345
2026-03-17,UMBC,Howard,-42,0.0017981204002625328
2026-03-17,UMBC,Howard,-41,0.0019891584349945933
2026-03-17,UMBC,Howard,-40,0.0021960938301891645
2026-03-17,UMBC,Howard,-39,0.002419688685469605
2026-03-17,UMBC,Howard,-38,0.0026606686484956952
2026-03-17,UMBC,Howard,-37,0.0029197112995120976
2026-03-17,UMBC,Howard,-36,0.003197433764686009
2026-03-17,UMBC,Howard,-35,0.0034943796598415656
2026-03-17,UMBC,Howard,-34,0.0038110054915059164
2026-03-17,UMBC,Howard,-33,0.004147666667965547
2026-03-17,UMBC,Howard,-32,0.004504603298705835
2026-03-17,UMBC,Howard,-31,0.004881925985509538
2026-03-17,UMBC,Howard,-30,0.005279601831892375
2026-03-17,UMBC,Howard,-29,0.005697440918675877
2026-03-17,UMBC,Howard,-28,0.006135083511525859
2026-03-17,UMBC,Howard,-27,0.006591988280394969
2026-03-17,UMBC,Howard,-26,0.007067421820190143
2026-03-17,UMBC,Howard,-25,0.007560449765873567
2026-03-17,UMBC,Howard,-24,0.008069929792906053
2026-03-17,UMBC,Howard,-23,0.008594506784865353
2026-03-17,UMBC,Howard,-22,0.009132610433766876
2026-03-17,UMBC,Howard,-21,0.009682455514793934
2026-03-17,UMBC,Howard,-20,0.010242045045714973
2026-03-17,UMBC,Howard,-19,0.010809176502349605
2026-03-17,UMBC,Howard,-18,0.01138145121539888
2026-03-17,UMBC,Howard,-17,0.011956287021377101
2026-03-17,UMBC,Howard,-16,0.012530934182118788
2026-03-17,UMBC,Howard,-15,0.013102494524468598
2026-03-17,UMBC,Howard,-14,0.01366794368560162
2026-03-17,UMBC,Howard,-13,0.014224156281471017
2026-03-17,UMBC,Howard,-12,0.01476793374780487
2026-03-17,UMBC,Howard,-11,0.015296034536657283
2026-03-17,UMBC,Howard,-10,0.015805206288608882
2026-03-17,UMBC,Howard,-9,0.01629221954316401
2026-03-17,UMBC,Howard,-8,0.016753902499507436
2026-03-17,UMBC,Howard,-7,0.017187176298243623
2026-03-17,UMBC,Howard,-6,0.017589090263549663
2026-03-17,UMBC,Howard,-5,0.017956856525584687
2026-03-17,UMBC,Howard,-4,0.018287883435984188
2026-03-17,UMBC,Howard,-3,0.018579807195448623
2026-03-17,UMBC,Howard,-2,0.01883052113206884
2026-03-17,UMBC,Howard,-1,0.019038202101973725
2026-03-17,UMBC,Howard,0,0.019201333529596635
2026-03-17,UMBC,Howard,1,0.019318687949231448
2026-03-17,UMBC,Howard,2,0.01938945122145071
2026-03-17,UMBC,Howard,3,0.01941312459247168
2026-03-17,UMBC,Howard,4,0.019389566980753687
2026-03-17,UMBC,Howard,5,0.01931899631688253
2026-03-17,UMBC,Howard,6,0.019201986140996285
2026-03-17,UMBC,Howard,7,0.01903945753316448
2026-03-17,UMBC,Howard,8,0.018832666541405346
2026-03-17,UMBC,Howard,9,0.0185831873568089
2026-03-17,UMBC,Howard,10,0.01829289156340152
2026-03-17,UMBC,Howard,11,0.017963923860027604
2026-03-17,UMBC,Howard,12,0.01759867471101527
2026-03-17,UMBC,Howard,13,0.017199750430437432
2026-03-17,UMBC,Howard,14,0.016769941240443984
2026-03-17,UMBC,Howard,15,0.016312187866878217
2026-03-17,UMBC,Howard,16,0.01582954724503636
2026-03-17,UMBC,Howard,17,0.015325157905206176
2026-03-17,UMBC,Howard,18,0.014802205592103322
2026-03-17,UMBC,Howard,19,0.014263889645415915
2026-03-17,UMBC,Howard,20,0.01371339063154942
2026-03-17,UMBC,Howard,21,0.013153839670748162
2026-03-17,UMBC,Howard,22,0.012588289850639381
2026-03-17,UMBC,Howard,23,0.012019690058598664
2026-03-17,UMBC,Howard,24,0.011450861502922169
2026-03-17,UMBC,Howard,25,0.01088447712835687
2026-03-17,UMBC,Howard,26,0.010323044066774381
2026-03-17,UMBC,Howard,27,0.009768889200257425
2026-03-17,UMBC,Howard,28,0.009224147853037693
2026-03-17,UMBC,Howard,29,0.008690755571834761
2026-03-17,UMBC,Howard,30,0.008170442902252509
2026-03-17,UMBC,Howard,31,0.0076647330228263606
2026-03-17,UMBC,Howard,32,0.007174942058693087
2026-03-17,UMBC,Howard,33,0.006702181864062359
2026-03-17,UMBC,Howard,34,0.006247365036879536
2026-03-17,UMBC,Howard,35,0.005811211910256848
2026-03-17,UMBC,Howard,36,0.005394259253210161
2026-03-17,UMBC,Howard,37,0.004996870407611235
2026-03-17,UMBC,Howard,38,0.004619246588561337
2026-03-17,UMBC,Howard,39,0.0042614390810202666
2026-03-17,UMBC,Howard,40,0.003923362075821376
2026-03-17,UMBC,Howard,41,0.0036048059024564845
2026-03-17,UMBC,Howard,42,0.0033054504334922344
2026-03-17,UMBC,Howard,43,0.003024878455450991
2026-03-17,UMBC,Howard,44,0.002762588822745506
2026-03-17,UMBC,Howard,45,0.0025180092341278762
2026-03-17,UMBC,Howard,46,0.002290508494481831
2026-03-17,UMBC,Howard,47,0.002079408148099346
2026-03-17,UMBC,Howard,48,0.0018839933923529087
2026-03-17,UMBC,Howard,49,0.0017035232024930505
2026-03-17,UMBC,Howard,50,0.001537239618831389
2026-03-17,UMBC,Howard,51,0.0013843761665502559
2026-03-17,UMBC,Howard,52,0.0012441653956197834
2026-03-17,UMBC,Howard,53,0.001115845543675755
2026-03-17,UMBC,Howard,54,0.0009986663381500382
2026-03-17,UMBC,Howard,55,0.0008918939654351441
2026-03-17,UMBC,Howard,56,0.0007948152444358093
2026-03-17,UMBC,Howard,57,0.0007067410495802714
2026-03-17,UMBC,Howard,58,0.0006270090343291494
2026-03-17,UMBC,Howard,59,0.0005549857105493592
2026-03-17,UMBC,Howard,60,0.0004900679419494458
2026-03-17,UMBC,Howard,61,0.0004316839112459514
2026-03-17,UMBC,Howard,62,0.00037929362099793813
2026-03-17,UMBC,Howard,63,0.0003323889872592938
2026-03-17,UMBC,Howard,64,0.0002904935835040483
2026-03-17,UMBC,Howard,65,0.0002531620898217359
2026-03-17,UMBC,Howard,66,0.00021997949929407945
2026-03-17,UMBC,Howard,67,0.0001905601298791425
2026-03-17,UMBC,Howard,68,0.0001645464861644048
2026-03-17,UMBC,Howard,69,0.00014160801111702618
2026-03-17,UMBC,Howard,70,0.00012143976356052683
2026-03-17,UMBC,Howard,71,0.00010376105263673252
2026-03-17,UMBC,Howard,72,8.831405605687161e-05
2026-03-17,UMBC,Howard,73,7.486244458552664e-05
2026-03-17,UMBC,Howard,74,6.319003100782132e-05
2026-03-17,UMBC,Howard,75,5.309945786864307e-05
2026-03-17,UMBC,Howard,76,4.4410934600135364e-05
2026-03-17,UMBC,Howard,77,3.6961031319422574e-05
2026-03-17,UMBC,Howard,78,3.06015336230582e-05
2026-03-17,UMBC,Howard,79,2.5198360158898905e-05
2026-03-17,UMBC,Howard,80,2.0630542640386988e-05
2026-03-17,UMBC,Howard,81,1.6789266291592805e-05
2026-03-17,UMBC,Howard,82,1.3576967470838377e-05
2026-03-17,UMBC,Howard,83,1.090648440098805e-05
2026-03-17,UMBC,Howard,84,8.700256507975962e-06
2026-03-17,UMBC,Howard,85,6.8895677966935325e-06
2026-03-17,UMBC,Howard,86,5.4138299254084314e-06
2026-03-17,UMBC,Howard,87,4.2199011183072545e-06
2026-03-17,UMBC,Howard,88,3.2614377162362653e-06
2026-03-17,UMBC,Howard,89,2.498275940639996e-06
2026-03-17,UMBC,Howard,90,1.8958422673733931e-06
2026-03-17,UMBC,Howard,91,1.4245916110548895e-06
2026-03-17,UMBC,Howard,92,1.059473249089638e-06
2026-03-17,UMBC,Howard,93,7.794250191342253e-07
2026-03-17,UMBC,Howard,94,5.668967683211744e-07
2026-03-17,UMBC,Howard,95,4.0740429445234944e-07
2026-03-17,UMBC,Howard,96,2.891150905515039e-07
2026-03-17,UMBC,Howard,97,2.0246709088960894e-07
2026-03-17,UMBC,Howard,98,1.398213382136024e-07
2026-03-17,UMBC,Howard,99,9.514907873556179e-08
2026-03-17,UMBC,Howard,100,6.375328186588021e-08
2026-03-17,UMBC,Howard,101,4.202401875563653e-08
2026-03-17,UMBC,Howard,102,2.7226561534167546e-08
2026-03-17,UMBC,Howard,103,1.7320525260261882e-08
2026-03-17,UMBC,Howard,104,1.080790297211397e-08
2026-03-17,UMBC,Howard,105,6.607468631584025e-09
2026-03-17,UMBC,Howard,106,3.952761316752974e-09
2026-03-17,UMBC,Howard,107,2.3107245088030747e-09
2026-03-17,UMBC,Howard,108,1.3180545767928919e-09
2026-03-17,UMBC,Howard,109,7.324017066823511e-10
2026-03-17,UMBC,Howard,110,3.9574688277570067e-10
2026-03-17,UMBC,Howard,111,2.0752801380726003e-10
2026-03-17,UMBC,Howard,112,1.0538287387126373e-10
2026-03-17,UMBC,Howard,113,5.1692603893029025e-11
2026-03-17,UMBC,Howard,114,2.4425917842010644e-11
2026-03-17,UMBC,Howard,115,1.1083573852073445e-11
2026-03-17,UMBC,Howard,116,4.8124870077757475e-12
2026-03-17,UMBC,Howard,117,1.991345571478981e-12
2026-03-17,UMBC,Howard,118,7.815517509241829e-13
2026-03-17,UMBC,Howard,119,2.8933520623994814e-13
2026-03-17,UMBC,Howard,120,1.0037710831058539e-13
2026-03-17,UMBC,Howard,121,3.237771880818969e-14
2026-03-17,UMBC,Howard,122,9.617732716180538e-15
2026-03-17,UMBC,Howard,123,2.5997418258744764e-15
2026-03-17,UMBC,Howard,124,6.297974476632604e-16
2026-03-17,UMBC,Howard,125,1.3401778185277938e-16
2026-03-17,UMBC,Howard,126,2.436826928226204e-17
2026-03-17,UMBC,Howard,127,3.636770401167068e-18
2026-03-17,UMBC,Howard,128,4.1790527796334044e-19
2026-03-17,UMBC,Howard,129,3.2888438968353674e-20
2026-03-17,UMBC,Howard,130,1.3303757361038837e-21
2026-03-17,Wyoming,Wichita St.,-130,2.900616223158659e-22
2026-03-17,Wyoming,Wichita St.,-129,7.280763202530857e-21
2026-03-17,Wyoming,Wichita St.,-128,9.393199611567394e-20
2026-03-17,Wyoming,Wichita St.,-127,8.299229078287299e-19
2026-03-17,Wyoming,Wichita St.,-126,5.645684475182022e-18
2026-03-17,Wyoming,Wichita St.,-125,3.1521582080463566e-17
2026-03-17,Wyoming,Wichita St.,-124,1.5037771472392544e-16
2026-03-17,Wyoming,Wichita St.,-123,6.301339200691319e-16
2026-03-17,Wyoming,Wichita St.,-122,2.366345402605341e-15
2026-03-17,Wyoming,Wichita St.,-121,8.086058830515618e-15
2026-03-17,Wyoming,Wichita St.,-120,2.5444424161551672e-14
2026-03-17,Wyoming,Wichita St.,-119,7.44403223681765e-14
2026-03-17,Wyoming,Wichita St.,-118,2.0407746996946635e-13
2026-03-17,Wyoming,Wichita St.,-117,5.277099112995314e-13
2026-03-17,Wyoming,Wichita St.,-116,1.2942256485267878e-12
2026-03-17,Wyoming,Wichita St.,-115,3.0247684536855296e-12
2026-03-17,Wyoming,Wichita St.,-114,6.7641727254214164e-12
2026-03-17,Wyoming,Wichita St.,-113,1.4525222311039758e-11
2026-03-17,Wyoming,Wichita St.,-112,3.00450945009511e-11
2026-03-17,Wyoming,Wichita St.,-111,6.002987599668358e-11
2026-03-17,Wyoming,Wichita St.,-110,1.1613759799991198e-10
2026-03-17,Wyoming,Wichita St.,-109,2.180449994769251e-10
2026-03-17,Wyoming,Wichita St.,-108,3.9805932770005655e-10
2026-03-17,Wyoming,Wichita St.,-107,7.078735968284105e-10
2026-03-17,Wyoming,Wichita St.,-106,1.2282196934864327e-09
2026-03-17,Wyoming,Wichita St.,-105,2.0823443273984364e-09
2026-03-17,Wyoming,Wichita St.,-104,3.4544117598217035e-09
2026-03-17,Wyoming,Wichita St.,-103,5.614116284255322e-09
2026-03-17,Wyoming,Wichita St.,-102,8.948956910429663e-09
2026-03-17,Wyoming,Wichita St.,-101,1.4005776176943334e-08
2026-03-17,Wyoming,Wichita St.,-100,2.15432841710796e-08
2026-03-17,Wyoming,Wichita St.,-99,3.259736846615343e-08
2026-03-17,Wyoming,Wichita St.,-98,4.8561023737887714e-08
2026-03-17,Wyoming,Wichita St.,-97,7.128071730751307e-08
2026-03-17,Wyoming,Wichita St.,-96,1.0317093861026521e-07
2026-03-17,Wyoming,Wichita St.,-95,1.4734856569758575e-07
2026-03-17,Wyoming,Wichita St.,-94,2.0778852880052813e-07
2026-03-17,Wyoming,Wichita St.,-93,2.895020722195837e-07
2026-03-17,Wyoming,Wichita St.,-92,3.9873872724127064e-07
2026-03-17,Wyoming,Wichita St.,-91,5.43212928627566e-07
2026-03-17,Wyoming,Wichita St.,-90,7.323560547195452e-07
2026-03-17,Wyoming,Wichita St.,-89,9.775945651247807e-07
2026-03-17,Wyoming,Wichita St.,-88,1.292654867111277e-06
2026-03-17,Wyoming,Wichita St.,-87,1.6938955755374544e-06
2026-03-17,Wyoming,Wichita St.,-86,2.2006679499800786e-06
2026-03-17,Wyoming,Wichita St.,-85,2.8357054994772607e-06
2026-03-17,Wyoming,Wichita St.,-84,3.625544036329686e-06
2026-03-17,Wyoming,Wichita St.,-83,4.6009738253113e-06
2026-03-17,Wyoming,Wichita St.,-82,5.797525896417247e-06
2026-03-17,Wyoming,Wichita St.,-81,7.255995044756831e-06
2026-03-17,Wyoming,Wichita St.,-80,9.023002501890354e-06
2026-03-17,Wyoming,Wichita St.,-79,1.1151601696046923e-05
2026-03-17,Wyoming,Wichita St.,-78,1.3701930888468336e-05
2026-03-17,Wyoming,Wichita St.,-77,1.674191674215862e-05
2026-03-17,Wyoming,Wichita St.,-76,2.034803300981408e-05
2026-03-17,Wyoming,Wichita St.,-75,2.460611848289865e-05
2026-03-17,Wyoming,Wichita St.,-74,2.9612258089093832e-05
2026-03-17,Wyoming,Wichita St.,-73,3.5473730529270354e-05
2026-03-17,Wyoming,Wichita St.,-72,4.231002508028531e-05
2026-03-17,Wyoming,Wichita St.,-71,5.0253929133569475e-05
2026-03-17,Wyoming,Wichita St.,-70,5.945268667405855e-05
2026-03-17,Wyoming,Wichita St.,-69,7.00692262174692e-05
2026-03-17,Wyoming,Wichita St.,-68,8.228345470991796e-05
2026-03-17,Wyoming,Wichita St.,-67,9.629361155208327e-05
2026-03-17,Wyoming,Wichita St.,-66,0.00011231767424632142
2026-03-17,Wyoming,Wichita St.,-65,0.00013059480419157985
2026-03-17,Wyoming,Wichita St.,-64,0.00015138681788653185
2026-03-17,Wyoming,Wichita St.,-63,0.00017497966527214807
2026-03-17,Wyoming,Wichita St.,-62,0.00020168489318467855
2026-03-17,Wyoming,Wichita St.,-61,0.00023184106794082906
2026-03-17,Wyoming,Wichita St.,-60,0.0002658151269899657
2026-03-17,Wyoming,Wichita St.,-59,0.00030400362540453215
2026-03-17,Wyoming,Wichita St.,-58,0.0003468338388113242
2026-03-17,Wyoming,Wichita St.,-57,0.00039476468027605037
2026-03-17,Wyoming,Wichita St.,-56,0.00044828738473700464
2026-03-17,Wyoming,Wichita St.,-55,0.0005079259109484275
2026-03-17,Wyoming,Wichita St.,-54,0.0005742370076603064
2026-03-17,Wyoming,Wichita St.,-53,0.0006478098880612043
2026-03-17,Wyoming,Wichita St.,-52,0.0007292654544873791
2026-03-17,Wyoming,Wichita St.,-51,0.0008192550142077476
2026-03-17,Wyoming,Wichita St.,-50,0.0009184584268900318
2026-03-17,Wyoming,Wichita St.,-49,0.0010275816253027972
2026-03-17,Wyoming,Wichita St.,-48,0.0011473534530752592
2026-03-17,Wyoming,Wichita St.,-47,0.0012785217670815373
2026-03-17,Wyoming,Wichita St.,-46,0.0014218487573880903
2026-03-17,Wyoming,Wichita St.,-45,0.001578105444835757
2026-03-17,Wyoming,Wichita St.,-44,0.0017480653253311694
2026-03-17,Wyoming,Wichita St.,-43,0.0019324971408753934
2026-03-17,Wyoming,Wichita St.,-42,0.00213215677030117
2026-03-17,Wyoming,Wichita St.,-41,0.002347778247618116
2026-03-17,Wyoming,Wichita St.,-40,0.0025800639327176575
2026-03-17,Wyoming,Wichita St.,-39,0.0028296738778452826
2026-03-17,Wyoming,Wichita St.,-38,0.003097214453518244
2026-03-17,Wyoming,Wichita St.,-37,0.0033832263191915105
2026-03-17,Wyoming,Wichita St.,-36,0.0036881718466178336
2026-03-17,Wyoming,Wichita St.,-35,0.004012422127096928
2026-03-17,Wyoming,Wichita St.,-34,0.004356243717177738
2026-03-17,Wyoming,Wichita St.,-33,0.004719785300309388
2026-03-17,Wyoming,Wichita St.,-32,0.005103064463811725
2026-03-17,Wyoming,Wichita St.,-31,0.005505954810684312
2026-03-17,Wyoming,Wichita St.,-30,0.005928173643484304
2026-03-17,Wyoming,Wichita St.,-29,0.0063692704720516025
2026-03-17,Wyoming,Wichita St.,-28,0.00682861660751515
2026-03-17,Wyoming,Wichita St.,-27,0.007305396111074891
2026-03-17,Wyoming,Wichita St.,-26,0.007798598366864809
2026-03-17,Wyoming,Wichita St.,-25,0.008307012543186994
2026-03-17,Wyoming,Wichita St.,-24,0.008829224195090541
2026-03-17,Wyoming,Wichita St.,-23,0.009363614243309962
2026-03-17,Wyoming,Wichita St.,-22,0.009908360539788157
2026-03-17,Wyoming,Wichita St.,-21,0.010461442198381805
2026-03-17,Wyoming,Wichita St.,-20,0.011020646831068898
2026-03-17,Wyoming,Wichita St.,-19,0.011583580785449873
2026-03-17,Wyoming,Wichita St.,-18,0.012147682429168706
2026-03-17,Wyoming,Wichita St.,-17,0.012710238471911677
2026-03-17,Wyoming,Wichita St.,-16,0.013268403256908217
2026-03-17,Wyoming,Wichita St.,-15,0.013819220892591516
2026-03-17,Wyoming,Wichita St.,-14,0.014359650032674245
2026-03-17,Wyoming,Wichita St.,-13,0.014886591050885608
2026-03-17,Wyoming,Wichita St.,-12,0.015396915296623378
2026-03-17,Wyoming,Wichita St.,-11,0.015887496061465462
2026-03-17,Wyoming,Wichita St.,-10,0.01635524083551843
2026-03-17,Wyoming,Wichita St.,-9,0.016797124388556368
2026-03-17,Wyoming,Wichita St.,-8,0.017210222175297624
2026-03-17,Wyoming,Wichita St.,-7,0.01759174353828844
2026-03-17,Wyoming,Wichita St.,-6,0.017939064166788754
2026-03-17,Wyoming,Wichita St.,-5,0.018249757266596035
2026-03-17,Wyoming,Wichita St.,-4,0.018521622904396857
2026-03-17,Wyoming,Wichita St.,-3,0.018752715011163566
2026-03-17,Wyoming,Wichita St.,-2,0.018941365562121632
2026-03-17,Wyoming,Wichita St.,-1,0.01908620549534911
2026-03-17,Wyoming,Wichita St.,0,0.019186181986230913
2026-03-17,Wyoming,Wichita St.,1,0.019240520455246872
2026-03-17,Wyoming,Wichita St.,2,0.019248886491248347
2026-03-17,Wyoming,Wichita St.,3,0.019211238126081363
2026-03-17,Wyoming,Wichita St.,4,0.01912787702195244
2026-03-17,Wyoming,Wichita St.,5,0.018999444275128875
2026-03-17,Wyoming,Wichita St.,6,0.0188269118442101
2026-03-17,Wyoming,Wichita St.,7,0.018611569769863938
2026-03-17,Wyoming,Wichita St.,8,0.018355009430834044
2026-03-17,Wyoming,Wichita St.,9,0.01805910315265409
2026-03-17,Wyoming,Wichita St.,10,0.017725980549132936
2026-03-17,Wyoming,Wichita St.,11,0.01735800203083376
2026-03-17,Wyoming,Wichita St.,12,0.016957729958298667
2026-03-17,Wyoming,Wichita St.,13,0.016527897949830096
2026-03-17,Wyoming,Wichita St.,14,0.016071378873748307
2026-03-17,Wyoming,Wichita St.,15,0.015591152063065699
2026-03-17,Wyoming,Wichita St.,16,0.015090270286665444
2026-03-17,Wyoming,Wichita St.,17,0.01457182699588317
2026-03-17,Wyoming,Wichita St.,18,0.014038924339697403
2026-03-17,Wyoming,Wichita St.,19,0.013494642406628399
2026-03-17,Wyoming,Wichita St.,20,0.012942010108222416
2026-03-17,Wyoming,Wichita St.,21,0.01238397806911927
2026-03-17,Wyoming,Wichita St.,22,0.01182339383372526
2026-03-17,Wyoming,Wichita St.,23,0.011262979641055135
2026-03-17,Wyoming,Wichita St.,24,0.010705312958975376
2026-03-17,Wyoming,Wichita St.,25,0.01015280990843673
2026-03-17,Wyoming,Wichita St.,26,0.009607711648789624
2026-03-17,Wyoming,Wichita St.,27,0.009072073738264515
2026-03-17,Wyoming,Wichita St.,28,0.00854775843033775
2026-03-17,Wyoming,Wichita St.,29,0.008036429817975966
2026-03-17,Wyoming,Wichita St.,30,0.007539551694441642
2026-03-17,Wyoming,Wichita St.,31,0.00705838796202606
2026-03-17,Wyoming,Wichita St.,32,0.006594005389125151
2026-03-17,Wyoming,Wichita St.,33,0.006147278491661833
2026-03-17,Wyoming,Wichita St.,34,0.005718896296973758
2026-03-17,Wyoming,Wichita St.,35,0.005309370736749038
2026-03-17,Wyoming,Wichita St.,36,0.0049190464100800245
2026-03-17,Wyoming,Wichita St.,37,0.004548111457770366
2026-03-17,Wyoming,Wichita St.,38,0.004196609294130737
2026-03-17,Wyoming,Wichita St.,39,0.0038644509520198126
2026-03-17,Wyoming,Wichita St.,40,0.0035514278101703477
2026-03-17,Wyoming,Wichita St.,41,0.003257224488202707
2026-03-17,Wyoming,Wichita St.,42,0.0029814317134880157
2026-03-17,Wyoming,Wichita St.,43,0.0027235589845146604
2026-03-17,Wyoming,Wichita St.,44,0.002483046877005368
2026-03-17,Wyoming,Wichita St.,45,0.002259278861143743
2026-03-17,Wyoming,Wichita St.,46,0.0020515925203734827
2026-03-17,Wyoming,Wichita St.,47,0.0018592900838684142
2026-03-17,Wyoming,Wichita St.,48,0.0016816482055436943
2026-03-17,Wyoming,Wichita St.,49,0.0015179269420642076
2026-03-17,Wyoming,Wichita St.,50,0.0013673779004505359
2026-03-17,Wyoming,Wichita St.,51,0.0012292515423972111
2026-03-17,Wyoming,Wichita St.,52,0.0011028036471754275
2026-03-17,Wyoming,Wichita St.,53,0.0009873009479224612
2026-03-17,Wyoming,Wichita St.,54,0.0008820259672020235
2026-03-17,Wyoming,Wichita St.,55,0.000786281086976081
2026-03-17,Wyoming,Wichita St.,56,0.0006993918956177486
2026-03-17,Wyoming,Wichita St.,57,0.0006207098604040815
2026-03-17,Wyoming,Wichita St.,58,0.0005496143781668028
2026-03-17,Wyoming,Wichita St.,59,0.00048551425957420847
2026-03-17,Wyoming,Wichita St.,60,0.0004278487040053411
2026-03-17,Wyoming,Wichita St.,61,0.00037608782230048757
2026-03-17,Wyoming,Wichita St.,62,0.00032973276397431085
2026-03-17,Wyoming,Wichita St.,63,0.000288315503902142
2026-03-17,Wyoming,Wichita St.,64,0.0002513983411745328
2026-03-17,Wyoming,Wichita St.,65,0.00021857315989258649
2026-03-17,Wyoming,Wichita St.,66,0.00018946049827197372
2026-03-17,Wyoming,Wichita St.,67,0.00016370846865397526
2026-03-17,Wyoming,Wichita St.,68,0.00014099156699606138
2026-03-17,Wyoming,Wichita St.,69,0.00012100940623267285
2026-03-17,Wyoming,Wichita St.,70,0.00010348540365090762
2026-03-17,Wyoming,Wichita St.,71,8.816544819960142e-05
2026-03-17,Wyoming,Wichita St.,72,7.48165695197476e-05
2026-03-17,Wyoming,Wichita St.,73,6.322562651754203e-05
2026-03-17,Wyoming,Wichita St.,74,5.319802955896476e-05
2026-03-17,Wyoming,Wichita St.,75,4.455650689923516e-05
2026-03-17,Wyoming,Wichita St.,76,3.7139922815880715e-05
2026-03-17,Wyoming,Wichita St.,77,3.080215212601087e-05
2026-03-17,Wyoming,Wichita St.,78,2.5411013362819492e-05
2026-03-17,Wyoming,Wichita St.,79,2.0847260879587368e-05
2026-03-17,Wyoming,Wichita St.,80,1.7003634547350323e-05
2026-03-17,Wyoming,Wichita St.,81,1.3783964510019317e-05
2026-03-17,Wyoming,Wichita St.,82,1.1102327642329005e-05
2026-03-17,Wyoming,Wichita St.,83,8.882251895259985e-06
2026-03-17,Wyoming,Wichita St.,84,7.055964574356038e-06
2026-03-17,Wyoming,Wichita St.,85,5.563680733808044e-06
2026-03-17,Wyoming,Wichita St.,86,4.352928231391628e-06
2026-03-17,Wyoming,Wichita St.,87,3.377906519461826e-06
2026-03-17,Wyoming,Wichita St.,88,2.5988768858264294e-06
2026-03-17,Wyoming,Wichita St.,89,1.981582546209695e-06
2026-03-17,Wyoming,Wichita St.,90,1.4966976709325841e-06
2026-03-17,Wyoming,Wichita St.,91,1.119305051808192e-06
2026-03-17,Wyoming,Wichita St.,92,8.284026386874977e-07
2026-03-17,Wyoming,Wichita St.,93,6.064395663684339e-07
2026-03-17,Wyoming,Wichita St.,94,4.3888253106542386e-07
2026-03-17,Wyoming,Wichita St.,95,3.1381345295233026e-07
2026-03-17,Wyoming,Wichita St.,96,2.215592811903145e-07
2026-03-17,Wyoming,Wichita St.,97,1.5435457526017528e-07
2026-03-17,Wyoming,Wichita St.,98,1.0603715573312775e-07
2026-03-17,Wyoming,Wichita St.,99,7.177669036350605e-08
2026-03-17,Wyoming,Wichita St.,100,4.783560345504698e-08
2026-03-17,Wyoming,Wichita St.,101,3.136120508457791e-08
2026-03-17,Wyoming,Wichita St.,102,2.0207467617824254e-08
2026-03-17,Wyoming,Wichita St.,103,1.2784461422744246e-08
2026-03-17,Wyoming,Wichita St.,104,7.933124771126039e-09
2026-03-17,Wyoming,Wichita St.,105,4.82280173697148e-09
2026-03-17,Wyoming,Wichita St.,106,2.8688450016131702e-09
2026-03-17,Wyoming,Wichita St.,107,1.667547956169564e-09
2026-03-17,Wyoming,Wichita St.,108,9.457348408971922e-10
2026-03-17,Wyoming,Wichita St.,109,5.224852114657035e-10
2026-03-17,Wyoming,Wichita St.,110,2.8068181175595105e-10
2026-03-17,Wyoming,Wichita St.,111,1.4632874963439717e-10
2026-03-17,Wyoming,Wichita St.,112,7.386926014022429e-11
2026-03-17,Wyoming,Wichita St.,113,3.602036024185718e-11
2026-03-17,Wyoming,Wichita St.,114,1.6919289679767917e-11
2026-03-17,Wyoming,Wichita St.,115,7.631480281706581e-12
2026-03-17,Wyoming,Wichita St.,116,3.2936911013889935e-12
2026-03-17,Wyoming,Wichita St.,117,1.3546630513780833e-12
2026-03-17,Wyoming,Wichita St.,118,5.284466925357345e-13
2026-03-17,Wyoming,Wichita St.,119,1.9444256214188652e-13
2026-03-17,Wyoming,Wichita St.,120,6.704393953282325e-14
2026-03-17,Wyoming,Wichita St.,121,2.14928699237656e-14
2026-03-17,Wyoming,Wichita St.,122,6.345020574740581e-15
2026-03-17,Wyoming,Wichita St.,123,1.7044798700547013e-15
2026-03-17,Wyoming,Wichita St.,124,4.103489446192432e-16
2026-03-17,Wyoming,Wichita St.,125,8.67751429292644e-17
2026-03-17,Wyoming,Wichita St.,126,1.5679350220549368e-17
2026-03-17,Wyoming,Wichita St.,127,2.3253050894862935e-18
2026-03-17,Wyoming,Wichita St.,128,2.6551743646297234e-19
2026-03-17,Wyoming,Wichita St.,129,2.0763485003314324e-20
2026-03-17,Wyoming,Wichita St.,130,8.345723122005667e-22
2026-03-17,Yale,UNC Wilmington,-130,1.325589767263114e-22
2026-03-17,Yale,UNC Wilmington,-129,3.3538031636952362e-21
2026-03-17,Yale,UNC Wilmington,-128,4.361215201695541e-20
2026-03-17,Yale,UNC Wilmington,-127,3.883795837793476e-19
2026-03-17,Yale,UNC Wilmington,-126,2.6628772224764164e-18
2026-03-17,Yale,UNC Wilmington,-125,1.498475065090763e-17
2026-03-17,Yale,UNC Wilmington,-124,7.204815762061037e-17
2026-03-17,Yale,UNC Wilmington,-123,3.042712254793154e-16
2026-03-17,Yale,UNC Wilmington,-122,1.1515567594957825e-15
2026-03-17,Yale,UNC Wilmington,-121,3.965643471842712e-15
2026-03-17,Yale,UNC Wilmington,-120,1.257561183807204e-14
2026-03-17,Yale,UNC Wilmington,-119,3.7076132617748e-14
2026-03-17,Yale,UNC Wilmington,-118,1.0242846419272046e-13
2026-03-17,Yale,UNC Wilmington,-117,2.669007318521146e-13
2026-03-17,Yale,UNC Wilmington,-116,6.596030820710994e-13
2026-03-17,Yale,UNC Wilmington,-115,1.553359406092864e-12
2026-03-17,Yale,UNC Wilmington,-114,3.500179778763358e-12
2026-03-17,Yale,UNC Wilmington,-113,7.573257188010076e-12
2026-03-17,Yale,UNC Wilmington,-112,1.5783591994295118e-11
2026-03-17,Yale,UNC Wilmington,-111,3.177311854948638e-11
2026-03-17,Yale,UNC Wilmington,-110,6.193166964727702e-11
2026-03-17,Yale,UNC Wilmington,-109,1.1714417436744346e-10
2026-03-17,Yale,UNC Wilmington,-108,2.154485952271995e-10
2026-03-17,Yale,UNC Wilmington,-107,3.8597497886132123e-10
2026-03-17,Yale,UNC Wilmington,-106,6.746413085087628e-10
2026-03-17,Yale,UNC Wilmington,-105,1.1522010514648597e-09
2026-03-17,Yale,UNC Wilmington,-104,1.9253674627833273e-09
2026-03-17,Yale,UNC Wilmington,-103,3.1518765360645476e-09
2026-03-17,Yale,UNC Wilmington,-102,5.060488457931727e-09
2026-03-17,Yale,UNC Wilmington,-101,7.97706008732375e-09
2026-03-17,Yale,UNC Wilmington,-100,1.2357941454640438e-08
2026-03-17,Yale,UNC Wilmington,-99,1.8832050796402677e-08
2026-03-17,Yale,UNC Wilmington,-98,2.8253059221228804e-08
2026-03-17,Yale,UNC Wilmington,-97,4.1763163188446206e-08
2026-03-17,Yale,UNC Wilmington,-96,6.08699380493527e-08
2026-03-17,Yale,UNC Wilmington,-95,8.753774893618944e-08
2026-03-17,Yale,UNC Wilmington,-94,1.2429514906378206e-07
2026-03-17,Yale,UNC Wilmington,-93,1.7435962567104155e-07
2026-03-17,Yale,UNC Wilmington,-92,2.417809686851234e-07
2026-03-17,Yale,UNC Wilmington,-91,3.316044472905075e-07
2026-03-17,Yale,UNC Wilmington,-90,4.5005489705894885e-07
2026-03-17,Yale,UNC Wilmington,-89,6.047427580129403e-07
2026-03-17,Yale,UNC Wilmington,-88,8.048930746004293e-07
2026-03-17,Yale,UNC Wilmington,-87,1.0615984834608004e-06
2026-03-17,Yale,UNC Wilmington,-86,1.3880972832453597e-06
2026-03-17,Yale,UNC Wilmington,-85,1.800077808685407e-06
2026-03-17,Yale,UNC Wilmington,-84,2.3160105207888244e-06
2026-03-17,Yale,UNC Wilmington,-83,2.957509474318809e-06
2026-03-17,Yale,UNC Wilmington,-82,3.749725125716764e-06
2026-03-17,Yale,UNC Wilmington,-81,4.721770787798716e-06
2026-03-17,Yale,UNC Wilmington,-80,5.907185405781867e-06
2026-03-17,Yale,UNC Wilmington,-79,7.344435702269543e-06
2026-03-17,Yale,UNC Wilmington,-78,9.077461093009582e-06
2026-03-17,Yale,UNC Wilmington,-77,1.11562650840386e-05
2026-03-17,Yale,UNC Wilmington,-76,1.3637557095766284e-05
2026-03-17,Yale,UNC Wilmington,-75,1.6585448791093438e-05
2026-03-17,Yale,UNC Wilmington,-74,2.007220898300432e-05
2026-03-17,Yale,UNC Wilmington,-73,2.417908103303279e-05
2026-03-17,Yale,UNC Wilmington,-72,2.8997166297699685e-05
2026-03-17,Yale,UNC Wilmington,-71,3.4628376609578946e-05
2026-03-17,Yale,UNC Wilmington,-70,4.118645796976084e-05
2026-03-17,Yale,UNC Wilmington,-69,4.87980865588867e-05
2026-03-17,Yale,UNC Wilmington,-68,5.760403682786474e-05
2026-03-17,Yale,UNC Wilmington,-67,6.776041979395283e-05
2026-03-17,Yale,UNC Wilmington,-66,7.943998773447374e-05
2026-03-17,Yale,UNC Wilmington,-65,9.283349923503753e-05
2026-03-17,Yale,UNC Wilmington,-64,0.00010815113601291259
2026-03-17,Yale,UNC Wilmington,-63,0.00012562396010586924
2026-03-17,Yale,UNC Wilmington,-62,0.0001455053969054179
2026-03-17,Yale,UNC Wilmington,-61,0.0001680727261408426
2026-03-17,Yale,UNC Wilmington,-60,0.00019362855931452178
2026-03-17,Yale,UNC Wilmington,-59,0.0002225022782861082
2026-03-17,Yale,UNC Wilmington,-58,0.000255051405749239
2026-03-17,Yale,UNC Wilmington,-57,0.00029166287429606663
2026-03-17,Yale,UNC Wilmington,-56,0.0003327541566900941
2026-03-17,Yale,UNC Wilmington,-55,0.00037877421594679714
2026-03-17,Yale,UNC Wilmington,-54,0.00043020422994743864
2026-03-17,Yale,UNC Wilmington,-53,0.00048755804169058807
2026-03-17,Yale,UNC Wilmington,-52,0.0005513822830375629
2026-03-17,Yale,UNC Wilmington,-51,0.0006222561170642792
2026-03-17,Yale,UNC Wilmington,-50,0.0007007905420363819
2026-03-17,Yale,UNC Wilmington,-49,0.000787627198730384
2026-03-17,Yale,UNC Wilmington,-48,0.0008834366224916242
2026-03-17,Yale,UNC Wilmington,-47,0.0009889158822151507
2026-03-17,Yale,UNC Wilmington,-46,0.00110478555052333
2026-03-17,Yale,UNC Wilmington,-45,0.001231785952954636
2026-03-17,Yale,UNC Wilmington,-44,0.001370672649122069
2026-03-17,Yale,UNC Wilmington,-43,0.0015222111056807357
2026-03-17,Yale,UNC Wilmington,-42,0.001687170529672661
2026-03-17,Yale,UNC Wilmington,-41,0.0018663168414720435
2026-03-17,Yale,UNC Wilmington,-40,0.0020604047791768334
2026-03-17,Yale,UNC Wilmington,-39,0.00227016914087661
2026-03-17,Yale,UNC Wilmington,-38,0.002496315187713024
2026-03-17,Yale,UNC Wilmington,-37,0.00273950824891689
2026-03-17,Yale,UNC Wilmington,-36,0.003000362589868617
2026-03-17,Yale,UNC Wilmington,-35,0.0032794296254276658
2026-03-17,Yale,UNC Wilmington,-34,0.0035771855829802106
2026-03-17,Yale,UNC Wilmington,-33,0.003894018742455097
2026-03-17,Yale,UNC Wilmington,-32,0.004230216403477251
2026-03-17,Yale,UNC Wilmington,-31,0.0045859517523170554
2026-03-17,Yale,UNC Wilmington,-30,0.004961270822746107
2026-03-17,Yale,UNC Wilmington,-29,0.005356079764666811
2026-03-17,Yale,UNC Wilmington,-28,0.005770132651753482
2026-03-17,Yale,UNC Wilmington,-27,0.006203020073615485
2026-03-17,Yale,UNC Wilmington,-26,0.0066541587684625205
2026-03-17,Yale,UNC Wilmington,-25,0.007122782558235834
2026-03-17,Yale,UNC Wilmington,-24,0.007607934849037008
2026-03-17,Yale,UNC Wilmington,-23,0.008108462954883674
2026-03-17,Yale,UNC Wilmington,-22,0.0086230144918978
2026-03-17,Yale,UNC Wilmington,-21,0.009150036072665164
2026-03-17,Yale,UNC Wilmington,-20,0.009687774506524773
2026-03-17,Yale,UNC Wilmington,-19,0.010234280680958783
2026-03-17,Yale,UNC Wilmington,-18,0.010787416262252431
2026-03-17,Yale,UNC Wilmington,-17,0.011344863310577345
2026-03-17,Yale,UNC Wilmington,-16,0.011904136856226802
2026-03-17,Yale,UNC Wilmington,-15,0.012462600430710022
2026-03-17,Yale,UNC Wilmington,-14,0.013017484489805806
2026-03-17,Yale,UNC Wilmington,-13,0.013565907606672863
2026-03-17,Yale,UNC Wilmington,-12,0.014104900253062
2026-03-17,Yale,UNC Wilmington,-11,0.014631430927041642
2026-03-17,Yale,UNC Wilmington,-10,0.015142434327984499
2026-03-17,Yale,UNC Wilmington,-9,0.015634841225458624
2026-03-17,Yale,UNC Wilmington,-8,0.016105609619697328
2026-03-17,Yale,UNC Wilmington,-7,0.016551756749002458
2026-03-17,Yale,UNC Wilmington,-6,0.016970391465158344
2026-03-17,Yale,UNC Wilmington,-5,0.017358746472927067
2026-03-17,Yale,UNC Wilmington,-4,0.017714209914966843
2026-03-17,Yale,UNC Wilmington,-3,0.018034355779815887
2026-03-17,Yale,UNC Wilmington,-2,0.018316972618369034
2026-03-17,Yale,UNC Wilmington,-1,0.018560090073682742
2026-03-17,Yale,UNC Wilmington,0,0.01876200275977838
2026-03-17,Yale,UNC Wilmington,1,0.018921228624781104
2026-03-17,Yale,UNC Wilmington,2,0.01903671167874296
2026-03-17,Yale,UNC Wilmington,3,0.019107651301000714
2026-03-17,Yale,UNC Wilmington,4,0.019133573182237986
2026-03-17,Yale,UNC Wilmington,5,0.019114334763102956
2026-03-17,Yale,UNC Wilmington,6,0.01905012641741573
2026-03-17,Yale,UNC Wilmington,7,0.018941468369439454
2026-03-17,Yale,UNC Wilmington,8,0.018789203414476107
2026-03-17,Yale,UNC Wilmington,9,0.01859448558981132
2026-03-17,Yale,UNC Wilmington,10,0.01835876501684678
2026-03-17,Yale,UNC Wilmington,11,0.01808376920333132
2026-03-17,Yale,UNC Wilmington,12,0.017771481155328818
2026-03-17,Yale,UNC Wilmington,13,0.017424114700579245
2026-03-17,Yale,UNC Wilmington,14,0.01704408746712597
2026-03-17,Yale,UNC Wilmington,15,0.016633991992711216
2026-03-17,Yale,UNC Wilmington,16,0.01619656546101109
2026-03-17,Yale,UNC Wilmington,17,0.01573465857014635
2026-03-17,Yale,UNC Wilmington,18,0.015251204037231682
2026-03-17,Yale,UNC Wilmington,19,0.014749185230481696
2026-03-17,Yale,UNC Wilmington,20,0.014231605398312306
2026-03-17,Yale,UNC Wilmington,21,0.013701457933934052
2026-03-17,Yale,UNC Wilmington,22,0.013161698075293882
2026-03-17,Yale,UNC Wilmington,23,0.012615216395199125
2026-03-17,Yale,UNC Wilmington,24,0.012064814386463542
2026-03-17,Yale,UNC Wilmington,25,0.011513182393416409
2026-03-17,Yale,UNC Wilmington,26,0.010962880085579201
2026-03-17,Yale,UNC Wilmington,27,0.010416319613168558
2026-03-17,Yale,UNC Wilmington,28,0.009875751528677658
2026-03-17,Yale,UNC Wilmington,29,0.009343253505354024
2026-03-17,Yale,UNC Wilmington,30,0.008820721833022849
2026-03-17,Yale,UNC Wilmington,31,0.00830986562532993
2026-03-17,Yale,UNC Wilmington,32,0.007812203630850925
2026-03-17,Yale,UNC Wilmington,33,0.007329063504201441
2026-03-17,Yale,UNC Wilmington,34,0.006861583362672447
2026-03-17,Yale,UNC Wilmington,35,0.0064107154292126385
2026-03-17,Yale,UNC Wilmington,36,0.005977231543823701
2026-03-17,Yale,UNC Wilmington,37,0.005561730312510756
2026-03-17,Yale,UNC Wilmington,38,0.00516464565559041
2026-03-17,Yale,UNC Wilmington,39,0.0047862565150391355
2026-03-17,Yale,UNC Wilmington,40,0.004426697483210222
2026-03-17,Yale,UNC Wilmington,41,0.004085970122132219
2026-03-17,Yale,UNC Wilmington,42,0.0037639547531537415
2026-03-17,Yale,UNC Wilmington,43,0.003460422510316839
2026-03-17,Yale,UNC Wilmington,44,0.0031750474669180657
2026-03-17,Yale,UNC Wilmington,45,0.002907418662653406
2026-03-17,Yale,UNC Wilmington,46,0.002657051877967623
2026-03-17,Yale,UNC Wilmington,47,0.0024234010222031572
2026-03-17,Yale,UNC Wilmington,48,0.0022058690223779056
2026-03-17,Yale,UNC Wilmington,49,0.002003818119477441
2026-03-17,Yale,UNC Wilmington,50,0.001816579498645476
2026-03-17,Yale,UNC Wilmington,51,0.0016434621982763552
2026-03-17,Yale,UNC Wilmington,52,0.0014837612604939254
2026-03-17,Yale,UNC Wilmington,53,0.0013367651016397046
2026-03-17,Yale,UNC Wilmington,54,0.001201762096041209
2026-03-17,Yale,UNC Wilmington,55,0.0010780463793909215
2026-03-17,Yale,UNC Wilmington,56,0.0009649228894849698
2026-03-17,Yale,UNC Wilmington,57,0.0008617116718352192
2026-03-17,Yale,UNC Wilmington,58,0.0007677514858003249
2026-03-17,Yale,UNC Wilmington,59,0.0006824027534294457
2026-03-17,Yale,UNC Wilmington,60,0.0006050498982489006
2026-03-17,Yale,UNC Wilmington,61,0.0005351031248366464
2026-03-17,Yale,UNC Wilmington,62,0.00047199969232482113
2026-03-17,Yale,UNC Wilmington,63,0.0004152047360587736
2026-03-17,Yale,UNC Wilmington,64,0.0003642116916398515
2026-03-17,Yale,UNC Wilmington,65,0.0003185423746100095
2026-03-17,Yale,UNC Wilmington,66,0.00027774676722159034
2026-03-17,Yale,UNC Wilmington,67,0.00024140256119772733
2026-03-17,Yale,UNC Wilmington,68,0.00020911450224883743
2026-03-17,Yale,UNC Wilmington,69,0.0001805135784877199
2026-03-17,Yale,UNC Wilmington,70,0.0001552560908964097
2026-03-17,Yale,UNC Wilmington,71,0.00013302263975573095
2026-03-17,Yale,UNC Wilmington,72,0.00011351705656350073
2026-03-17,Yale,UNC Wilmington,73,9.64653065454229e-05
2026-03-17,Yale,UNC Wilmington,74,8.161438250468359e-05
2026-03-17,Yale,UNC Wilmington,75,6.873120655675159e-05
2026-03-17,Yale,UNC Wilmington,76,5.76015523418666e-05
2026-03-17,Yale,UNC Wilmington,77,4.802899667689922e-05
2026-03-17,Yale,UNC Wilmington,78,3.983390636731171e-05
2026-03-17,Yale,UNC Wilmington,79,3.285246310247836e-05
2026-03-17,Yale,UNC Wilmington,80,2.693572704249611e-05
2026-03-17,Yale,UNC Wilmington,81,2.1948737894356204e-05
2026-03-17,Yale,UNC Wilmington,82,1.776965097496385e-05
2026-03-17,Yale,UNC Wilmington,83,1.4288904954985293e-05
2026-03-17,Yale,UNC Wilmington,84,1.1408417639922593e-05
2026-03-17,Yale,UNC Wilmington,85,9.04080622537767e-06
2026-03-17,Yale,UNC Wilmington,86,7.108628899329005e-06
2026-03-17,Yale,UNC Wilmington,87,5.5436453803641035e-06
2026-03-17,Yale,UNC Wilmington,88,4.286094893469396e-06
2026-03-17,Yale,UNC Wilmington,89,3.2839911060123946e-06
2026-03-17,Yale,UNC Wilmington,90,2.4924345880150964e-06
2026-03-17,Yale,UNC Wilmington,91,1.8729443397260503e-06
2026-03-17,Yale,UNC Wilmington,92,1.392810772464608e-06
2026-03-17,Yale,UNC Wilmington,93,1.0244731759983644e-06
2026-03-17,Yale,UNC Wilmington,94,7.449251144925652e-07
2026-03-17,Yale,UNC Wilmington,95,5.351513395437458e-07
2026-03-17,Yale,UNC Wilmington,96,3.795996890436662e-07
2026-03-17,Yale,UNC Wilmington,97,2.65691069958294e-07
2026-03-17,Yale,UNC Wilmington,98,1.8337003421271123e-07
2026-03-17,Yale,UNC Wilmington,99,1.2469769651881732e-07
2026-03-17,Yale,UNC Wilmington,100,8.3487867864751e-08
2026-03-17,Yale,UNC Wilmington,101,5.498635030277028e-08
2026-03-17,Yale,UNC Wilmington,102,3.5592419498409634e-08
2026-03-17,Yale,UNC Wilmington,103,2.2620668381208076e-08
2026-03-17,Yale,UNC Wilmington,104,1.4100646424479002e-08
2026-03-17,Yale,UNC Wilmington,105,8.61114079735531e-09
2026-03-17,Yale,UNC Wilmington,106,5.145530148450937e-09
2026-03-17,Yale,UNC Wilmington,107,3.004406875865946e-09
2026-03-17,Yale,UNC Wilmington,108,1.7116034856142898e-09
2026-03-17,Yale,UNC Wilmington,109,9.498553566439093e-10
2026-03-17,Yale,UNC Wilmington,110,5.125593060144272e-10
2026-03-17,Yale,UNC Wilmington,111,2.68412593240597e-10
2026-03-17,Yale,UNC Wilmington,112,1.3610611812136053e-10
2026-03-17,Yale,UNC Wilmington,113,6.666535625547524e-11
2026-03-17,Yale,UNC Wilmington,114,3.14536016914895e-11
2026-03-17,Yale,UNC Wilmington,115,1.4250537685962958e-11
2026-03-17,Yale,UNC Wilmington,116,6.177857422387719e-12
2026-03-17,Yale,UNC Wilmington,117,2.552215942244299e-12
2026-03-17,Yale,UNC Wilmington,118,1.0000396308408528e-12
2026-03-17,Yale,UNC Wilmington,119,3.6960363596895587e-13
2026-03-17,Yale,UNC Wilmington,120,1.2800662956241675e-13
2026-03-17,Yale,UNC Wilmington,121,4.1218741172687174e-14
2026-03-17,Yale,UNC Wilmington,122,1.2222505182331006e-14
2026-03-17,Yale,UNC Wilmington,123,3.297961734782317e-15
2026-03-17,Yale,UNC Wilmington,124,7.975049742524905e-16
2026-03-17,Yale,UNC Wilmington,125,1.6939543415058387e-16
2026-03-17,Yale,UNC Wilmington,126,3.0744028323673864e-17
2026-03-17,Yale,UNC Wilmington,127,4.579722721037328e-18
2026-03-17,Yale,UNC Wilmington,128,5.252657864481359e-19
2026-03-17,Yale,UNC Wilmington,129,4.125850969109862e-20
2026-03-17,Yale,UNC Wilmington,130,1.6657313996521622e-21
