Cutoff,Home Team,Away Team,Total,PMF
2026-03-17,Liberty,George Mason,0,2.1721776056502817e-33
2026-03-17,Liberty,George Mason,1,9.8988654856499e-32
2026-03-17,Liberty,George Mason,2,2.2874686760037317e-30
2026-03-17,Liberty,George Mason,3,3.573235328328217e-29
2026-03-17,Liberty,George Mason,4,4.244025053607949e-28
2026-03-17,Liberty,George Mason,5,4.087479651397639e-27
2026-03-17,Liberty,George Mason,6,3.32466752649959e-26
2026-03-17,Liberty,George Mason,7,2.3486434230285676e-25
2026-03-17,Liberty,George Mason,8,1.4707735004697852e-24
2026-03-17,Liberty,George Mason,9,8.29286087550512e-24
2026-03-17,Liberty,George Mason,10,4.262066750744065e-23
2026-03-17,Liberty,George Mason,11,2.016472464297834e-22
2026-03-17,Liberty,George Mason,12,8.854425539216924e-22
2026-03-17,Liberty,George Mason,13,3.633191702509831e-21
2026-03-17,Liberty,George Mason,14,1.4011749073773842e-20
2026-03-17,Liberty,George Mason,15,5.1042778015008046e-20
2026-03-17,Liberty,George Mason,16,1.7639669151564324e-19
2026-03-17,Liberty,George Mason,17,5.805019424588259e-19
2026-03-17,Liberty,George Mason,18,1.825256309797546e-18
2026-03-17,Liberty,George Mason,19,5.499702864913278e-18
2026-03-17,Liberty,George Mason,20,1.5922141674313423e-17
2026-03-17,Liberty,George Mason,21,4.4396213373499476e-17
2026-03-17,Liberty,George Mason,22,1.1948347422924807e-16
2026-03-17,Liberty,George Mason,23,3.109824922446218e-16
2026-03-17,Liberty,George Mason,24,7.841579475880583e-16
2026-03-17,Liberty,George Mason,25,1.9187479831234157e-15
2026-03-17,Liberty,George Mason,26,4.562765822616869e-15
2026-03-17,Liberty,George Mason,27,1.0559220006211088e-14
2026-03-17,Liberty,George Mason,28,2.3811165615889363e-14
2026-03-17,Liberty,George Mason,29,5.238240726666368e-14
2026-03-17,Liberty,George Mason,30,1.1254348526689618e-13
2026-03-17,Liberty,George Mason,31,2.3638857823176946e-13
2026-03-17,Liberty,George Mason,32,4.858644579247442e-13
2026-03-17,Liberty,George Mason,33,9.780714193471544e-13
2026-03-17,Liberty,George Mason,34,1.9299788138527787e-12
2026-03-17,Liberty,George Mason,35,3.735927402921686e-12
2026-03-17,Liberty,George Mason,36,7.09945773590232e-12
2026-03-17,Liberty,George Mason,37,1.3253513693881454e-11
2026-03-17,Liberty,George Mason,38,2.4321875050877016e-11
2026-03-17,Liberty,George Mason,39,4.390242485007912e-11
2026-03-17,Liberty,George Mason,40,7.799308386291874e-11
2026-03-17,Liberty,George Mason,41,1.36438534181226e-10
2026-03-17,Liberty,George Mason,42,2.3515604448735435e-10
2026-03-17,Liberty,George Mason,43,3.9950905656658695e-10
2026-03-17,Liberty,George Mason,44,6.693464990419181e-10
2026-03-17,Liberty,George Mason,45,1.1064244675935979e-09
2026-03-17,Liberty,George Mason,46,1.8051869142363157e-09
2026-03-17,Liberty,George Mason,47,2.908216645883907e-09
2026-03-17,Liberty,George Mason,48,4.628091549223415e-09
2026-03-17,Liberty,George Mason,49,7.27790821487166e-09
2026-03-17,Liberty,George Mason,50,1.1313380222467756e-08
2026-03-17,Liberty,George Mason,51,1.739019383835982e-08
2026-03-17,Liberty,George Mason,52,2.6441219293712008e-08
2026-03-17,Liberty,George Mason,53,3.977923595403078e-08
2026-03-17,Liberty,George Mason,54,5.923203274210875e-08
2026-03-17,Liberty,George Mason,55,8.73180806601371e-08
2026-03-17,Liberty,George Mason,56,1.2747242097414785e-07
2026-03-17,Liberty,George Mason,57,1.8433393668986786e-07
2026-03-17,Liberty,George Mason,58,2.641067281014599e-07
2026-03-17,Liberty,George Mason,59,3.750098315598509e-07
2026-03-17,Liberty,George Mason,60,5.278309241160888e-07
2026-03-17,Liberty,George Mason,61,7.366008493402303e-07
2026-03-17,Liberty,George Mason,62,1.0194066707250638e-06
2026-03-17,Liberty,George Mason,63,1.399361385743613e-06
2026-03-17,Liberty,George Mason,64,1.9057482843511719e-06
2026-03-17,Liberty,George Mason,65,2.5753570753657753e-06
2026-03-17,Liberty,George Mason,66,3.4540272000571373e-06
2026-03-17,Liberty,George Mason,67,4.59841108140453e-06
2026-03-17,Liberty,George Mason,68,6.077966314474237e-06
2026-03-17,Liberty,George Mason,69,7.977180908968275e-06
2026-03-17,Liberty,George Mason,70,1.0398029604653253e-05
2026-03-17,Liberty,George Mason,71,1.3462651992412673e-05
2026-03-17,Liberty,George Mason,72,1.7316234736563715e-05
2026-03-17,Liberty,George Mason,73,2.2130070712367026e-05
2026-03-17,Liberty,George Mason,74,2.810475751085118e-05
2026-03-17,Liberty,George Mason,75,3.547348674725839e-05
2026-03-17,Liberty,George Mason,76,4.450536422608105e-05
2026-03-17,Liberty,George Mason,77,5.550868960751055e-05
2026-03-17,Liberty,George Mason,78,6.883411317880616e-05
2026-03-17,Liberty,George Mason,79,8.487757708980114e-05
2026-03-17,Liberty,George Mason,80,0.0001040829394199852
2026-03-17,Liberty,George Mason,81,0.00012694417217033852
2026-03-17,Liberty,George Mason,82,0.00015400701917314726
2026-03-17,Liberty,George Mason,83,0.00018586999741697477
2026-03-17,Liberty,George Mason,84,0.0002231846257745755
2026-03-17,Liberty,George Mason,85,0.00026665476891566265
2026-03-17,Liberty,George Mason,86,0.00031703499151701427
2026-03-17,Liberty,George Mason,87,0.00037512782888269816
2026-03-17,Liberty,George Mason,88,0.0004417798947779561
2026-03-17,Liberty,George Mason,89,0.0005178767655606801
2026-03-17,Liberty,George Mason,90,0.0006043366013370982
2026-03-17,Liberty,George Mason,91,0.0007021024895193576
2026-03-17,Liberty,George Mason,92,0.0008121335233464639
2026-03-17,Liberty,George Mason,93,0.0009353946570586488
2026-03-17,Liberty,George Mason,94,0.0010728454098031695
2026-03-17,Liberty,George Mason,95,0.0012254275212322141
2026-03-17,Liberty,George Mason,96,0.001394051692309561
2026-03-17,Liberty,George Mason,97,0.0015795835742189398
2026-03-17,Liberty,George Mason,98,0.0017828291956060028
2026-03-17,Liberty,George Mason,99,0.0020045200428532198
2026-03-17,Liberty,George Mason,100,0.0022452980288995778
2026-03-17,Liberty,George Mason,101,0.0025057006025694683
2026-03-17,Liberty,George Mason,102,0.0027861462618638424
2026-03-17,Liberty,George Mason,103,0.0030869207407117354
2026-03-17,Liberty,George Mason,104,0.0034081641389413853
2026-03-17,Liberty,George Mason,105,0.0037498592595211107
2026-03-17,Liberty,George Mason,106,0.004111821405414432
2026-03-17,Liberty,George Mason,107,0.004493689870828915
2026-03-17,Liberty,George Mason,108,0.004894921338511158
2026-03-17,Liberty,George Mason,109,0.005314785366500086
2026-03-17,Liberty,George Mason,110,0.0057523621149861365
2026-03-17,Liberty,George Mason,111,0.006206542427345138
2026-03-17,Liberty,George Mason,112,0.006676030339834175
2026-03-17,Liberty,George Mason,113,0.007159348052741944
2026-03-17,Liberty,George Mason,114,0.007654843352918796
2026-03-17,Liberty,George Mason,115,0.008160699434538425
2026-03-17,Liberty,George Mason,116,0.008674947022627978
2026-03-17,Liberty,George Mason,117,0.009195478663283676
2026-03-17,Liberty,George Mason,118,0.009720065006447906
2026-03-17,Liberty,George Mason,119,0.010246372872470254
2026-03-17,Liberty,George Mason,120,0.01077198486312325
2026-03-17,Liberty,George Mason,121,0.011294420251895674
2026-03-17,Liberty,George Mason,122,0.011811156867721743
2026-03-17,Liberty,George Mason,123,0.012319653671169783
2026-03-17,Liberty,George Mason,124,0.012817373712718835
2026-03-17,Liberty,George Mason,125,0.013301807159168457
2026-03-17,Liberty,George Mason,126,0.013770494076392553
2026-03-17,Liberty,George Mason,127,0.014221046664374624
2026-03-17,Liberty,George Mason,128,0.01465117065343885
2026-03-17,Liberty,George Mason,129,0.015058685588407868
2026-03-17,Liberty,George Mason,130,0.015441543749569284
2026-03-17,Liberty,George Mason,131,0.015797847485240164
2026-03-17,Liberty,George Mason,132,0.016125864759747085
2026-03-17,Liberty,George Mason,133,0.016424042752113496
2026-03-17,Liberty,George Mason,134,0.01669101937397036
2026-03-17,Liberty,George Mason,135,0.016925632609478727
2026-03-17,Liberty,George Mason,136,0.017126927614688488
2026-03-17,Liberty,George Mason,137,0.01729416154809045
2026-03-17,Liberty,George Mason,138,0.017426806137534438
2026-03-17,Liberty,George Mason,139,0.0175245480206114
2026-03-17,Liberty,George Mason,140,0.017587286925528217
2026-03-17,Liberty,George Mason,141,0.017615131787001543
2026-03-17,Liberty,George Mason,142,0.017608394916398547
2026-03-17,Liberty,George Mason,143,0.017567584366968484
2026-03-17,Liberty,George Mason,144,0.01749339465333412
2026-03-17,Liberty,George Mason,145,0.01738669599930899
2026-03-17,Liberty,George Mason,146,0.017248522299522655
2026-03-17,Liberty,George Mason,147,0.017080057988277747
2026-03-17,Liberty,George Mason,148,0.016882624013612606
2026-03-17,Liberty,George Mason,149,0.0166576631158346
2026-03-17,Liberty,George Mason,150,0.01640672460801163
2026-03-17,Liberty,George Mason,151,0.016131448851298445
2026-03-17,Liberty,George Mason,152,0.015833551610799544
2026-03-17,Liberty,George Mason,153,0.015514808468235549
2026-03-17,Liberty,George Mason,154,0.015177039456305304
2026-03-17,Liberty,George Mason,155,0.014822094066659427
2026-03-17,Liberty,George Mason,156,0.014451836769163439
2026-03-17,Liberty,George Mason,157,0.01406813316496687
2026-03-17,Liberty,George Mason,158,0.01367283688013779
2026-03-17,Liberty,George Mason,159,0.013267777290578644
2026-03-17,Liberty,George Mason,160,0.0128547481528947
2026-03-17,Liberty,George Mason,161,0.012435497200097534
2026-03-17,Liberty,George Mason,162,0.012011716745715061
2026-03-17,Liberty,George Mason,163,0.011585035325235441
2026-03-17,Liberty,George Mason,164,0.01115701038998522
2026-03-17,Liberty,George Mason,165,0.010729122055649534
2026-03-17,Liberty,George Mason,166,0.01030276789576649
2026-03-17,Liberty,George Mason,167,0.009879258759722395
2026-03-17,Liberty,George Mason,168,0.009459815585067408
2026-03-17,Liberty,George Mason,169,0.009045567165369913
2026-03-17,Liberty,George Mason,170,0.008637548827323411
2026-03-17,Liberty,George Mason,171,0.008236701964392999
2026-03-17,Liberty,George Mason,172,0.007843874368912644
2026-03-17,Liberty,George Mason,173,0.007459821300188968
2026-03-17,Liberty,George Mason,174,0.007085207222799555
2026-03-17,Liberty,George Mason,175,0.006720608146861411
2026-03-17,Liberty,George Mason,176,0.006366514500554242
2026-03-17,Liberty,George Mason,177,0.006023334464579845
2026-03-17,Liberty,George Mason,178,0.0056913976984856104
2026-03-17,Liberty,George Mason,179,0.005370959389836948
2026-03-17,Liberty,George Mason,180,0.005062204559043288
2026-03-17,Liberty,George Mason,181,0.004765252555171873
2026-03-17,Liberty,George Mason,182,0.004480161681260752
2026-03-17,Liberty,George Mason,183,0.004206933891396224
2026-03-17,Liberty,George Mason,184,0.0039455195060709
2026-03-17,Liberty,George Mason,185,0.0036958218969985785
2026-03-17,Liberty,George Mason,186,0.003457702097537135
2026-03-17,Liberty,George Mason,187,0.003230983300061659
2026-03-17,Liberty,George Mason,188,0.003015455206936275
2026-03-17,Liberty,George Mason,189,0.0028108782070544627
2026-03-17,Liberty,George Mason,190,0.0026169873551575226
2026-03-17,Liberty,George Mason,191,0.0024334961362089983
2026-03-17,Liberty,George Mason,192,0.0022601000019183033
2026-03-17,Liberty,George Mason,193,0.002096479670998786
2026-03-17,Liberty,George Mason,194,0.0019423041888568778
2026-03-17,Liberty,George Mason,195,0.0017972337460956456
2026-03-17,Liberty,George Mason,196,0.0016609222584484202
2026-03-17,Liberty,George Mason,197,0.0015330197135208206
2026-03-17,Liberty,George Mason,198,0.0014131742920102787
2026-03-17,Liberty,George Mason,199,0.0013010342729015952
2026-03-17,Liberty,George Mason,200,0.0011962497335264069
2026-03-17,Liberty,George Mason,201,0.0010984740563541844
2026-03-17,Liberty,George Mason,202,0.0010073652549901881
2026-03-17,Liberty,George Mason,203,0.0009225871321345348
2026-03-17,Liberty,George Mason,204,0.0008438102822522544
2026-03-17,Liberty,George Mason,205,0.0007707129514642961
2026-03-17,Liberty,George Mason,206,0.0007029817667408779
2026-03-17,Liberty,George Mason,207,0.000640312345906432
2026-03-17,Liberty,George Mason,208,0.0005824097992917289
2026-03-17,Liberty,George Mason,209,0.0005289891331314452
2026-03-17,Liberty,George Mason,210,0.0004797755640378015
2026-03-17,Liberty,George Mason,211,0.0004345047531110355
2026-03-17,Liberty,George Mason,212,0.0003929229674982905
2026-03-17,Liberty,George Mason,213,0.0003547871765018035
2026-03-17,Liberty,George Mason,214,0.00031986508867780687
2026-03-17,Liberty,George Mason,215,0.0002879351357676961
2026-03-17,Liberty,George Mason,216,0.00025878640876708143
2026-03-17,Liberty,George Mason,217,0.0002322185509671889
2026-03-17,Liberty,George Mason,218,0.00020804161239482296
2026-03-17,Liberty,George Mason,219,0.000186075869727625
2026-03-17,Liberty,George Mason,220,0.00016615161546490312
2026-03-17,Liberty,George Mason,221,0.0001481089198841063
2026-03-17,Liberty,George Mason,222,0.00013179736910171627
2026-03-17,Liberty,George Mason,223,0.00011707578237743653
2026-03-17,Liberty,George Mason,224,0.00010381191164480312
2026-03-17,Liberty,George Mason,225,9.188212611294496e-05
2026-03-17,Liberty,George Mason,226,8.117108465714628e-05
2026-03-17,Liberty,George Mason,227,7.157139859482297e-05
2026-03-17,Liberty,George Mason,228,6.298328732427305e-05
2026-03-17,Liberty,George Mason,229,5.5314229182728316e-05
2026-03-17,Liberty,George Mason,230,4.8478609755372956e-05
2026-03-17,Liberty,George Mason,231,4.239736973658863e-05
2026-03-17,Liberty,George Mason,232,3.699765430795574e-05
2026-03-17,Liberty,George Mason,233,3.221246585443551e-05
2026-03-17,Liberty,George Mason,234,2.798032169118387e-05
2026-03-17,Liberty,George Mason,235,2.4244918319599563e-05
2026-03-17,Liberty,George Mason,236,2.0954803573806362e-05
2026-03-17,Liberty,George Mason,237,1.8063057859395677e-05
2026-03-17,Liberty,George Mason,238,1.5526985526606022e-05
2026-03-17,Liberty,George Mason,239,1.3307817261969486e-05
2026-03-17,Liberty,George Mason,240,1.137042422751158e-05
2026-03-17,Liberty,George Mason,241,9.683044526516463e-06
2026-03-17,Liberty,George Mason,242,8.217022431125679e-06
2026-03-17,Liberty,George Mason,243,6.946560670952737e-06
2026-03-17,Liberty,George Mason,244,5.848485954562238e-06
2026-03-17,Liberty,George Mason,245,4.902027777955257e-06
2026-03-17,Liberty,George Mason,246,4.088610466782837e-06
2026-03-17,Liberty,George Mason,247,3.391658302301534e-06
2026-03-17,Liberty,George Mason,248,2.7964134953056293e-06
2026-03-17,Liberty,George Mason,249,2.2897666974427063e-06
2026-03-17,Liberty,George Mason,250,1.8600996752795427e-06
2026-03-17,Liberty,George Mason,251,1.4971397189260477e-06
2026-03-17,Liberty,George Mason,252,1.1918253134945059e-06
2026-03-17,Liberty,George Mason,253,9.361825676177663e-07
2026-03-17,Liberty,George Mason,254,7.232118680331441e-07
2026-03-17,Liberty,George Mason,255,5.467842121539273e-07
2026-03-17,Liberty,George Mason,256,4.0154666086031384e-07
2026-03-17,Liberty,George Mason,257,2.82836350671906e-07
2026-03-17,Liberty,George Mason,258,1.8660250725249785e-07
2026-03-17,Liberty,George Mason,259,1.093359100778277e-07
2026-03-17,Liberty,George Mason,260,4.800527033425224e-08
2026-03-17,UMBC,Howard,0,2.6271201013016076e-33
2026-03-17,UMBC,Howard,1,1.1953856679349182e-31
2026-03-17,UMBC,Howard,2,2.7581426078770614e-30
2026-03-17,UMBC,Howard,3,4.3019270873316226e-29
2026-03-17,UMBC,Howard,4,5.101761658798062e-28
2026-03-17,UMBC,Howard,5,4.906135946651092e-27
2026-03-17,UMBC,Howard,6,3.984509830669578e-26
2026-03-17,UMBC,Howard,7,2.810524945450474e-25
2026-03-17,UMBC,Howard,8,1.75736030990281e-24
2026-03-17,UMBC,Howard,9,9.893843792154997e-24
2026-03-17,UMBC,Howard,10,5.077238617904032e-23
2026-03-17,UMBC,Howard,11,2.3985418370025745e-22
2026-03-17,UMBC,Howard,12,1.0516327336218713e-21
2026-03-17,UMBC,Howard,13,4.308655418320544e-21
2026-03-17,UMBC,Howard,14,1.6591918152926618e-20
2026-03-17,UMBC,Howard,15,6.035182513955457e-20
2026-03-17,UMBC,Howard,16,2.0825693699452658e-19
2026-03-17,UMBC,Howard,17,6.843318321606365e-19
2026-03-17,UMBC,Howard,18,2.1485330852885637e-18
2026-03-17,UMBC,Howard,19,6.4641830678791725e-18
2026-03-17,UMBC,Howard,20,1.8686727879095362e-17
2026-03-17,UMBC,Howard,21,5.20278881746386e-17
2026-03-17,UMBC,Howard,22,1.398162812679784e-16
2026-03-17,UMBC,Howard,23,3.6336796656372465e-16
2026-03-17,UMBC,Howard,24,9.149054406902258e-16
2026-03-17,UMBC,Howard,25,2.235392251450299e-15
2026-03-17,UMBC,Howard,26,5.307968284513639e-15
2026-03-17,UMBC,Howard,27,1.2265846213645608e-14
2026-03-17,UMBC,Howard,28,2.761932643697219e-14
2026-03-17,UMBC,Howard,29,6.067165690088348e-14
2026-03-17,UMBC,Howard,30,1.301637263990215e-13
2026-03-17,UMBC,Howard,31,2.730024583370393e-13
2026-03-17,UMBC,Howard,32,5.603081147913369e-13
2026-03-17,UMBC,Howard,33,1.1263032284149925e-12
2026-03-17,UMBC,Howard,34,2.2192772318016596e-12
2026-03-17,UMBC,Howard,35,4.289759909902892e-12
2026-03-17,UMBC,Howard,36,8.140228084880248e-12
2026-03-17,UMBC,Howard,37,1.5174715937512912e-11
2026-03-17,UMBC,Howard,38,2.7807762775141478e-11
2026-03-17,UMBC,Howard,39,5.012314191978666e-11
2026-03-17,UMBC,Howard,40,8.89176517725446e-11
2026-03-17,UMBC,Howard,41,1.5532894465922506e-10
2026-03-17,UMBC,Howard,42,2.673352925507634e-10
2026-03-17,UMBC,Howard,43,4.535372255459089e-10
2026-03-17,UMBC,Howard,44,7.587956469019265e-10
2026-03-17,UMBC,Howard,45,1.2525195169486303e-09
2026-03-17,UMBC,Howard,46,2.0406812861994854e-09
2026-03-17,UMBC,Howard,47,3.283004068188838e-09
2026-03-17,UMBC,Howard,48,5.217226091470406e-09
2026-03-17,UMBC,Howard,49,8.192920473094034e-09
2026-03-17,UMBC,Howard,50,1.2718046256441622e-08
2026-03-17,UMBC,Howard,51,1.952224236306386e-08
2026-03-17,UMBC,Howard,52,2.9641858439326876e-08
2026-03-17,UMBC,Howard,53,4.4532848942047906e-08
2026-03-17,UMBC,Howard,54,6.621893517111054e-08
2026-03-17,UMBC,Howard,55,9.748385070030823e-08
2026-03-17,UMBC,Howard,56,1.4211800342193804e-07
2026-03-17,UMBC,Howard,57,2.0523147311698268e-07
2026-03-17,UMBC,Howard,58,2.9364686261389135e-07
2026-03-17,UMBC,Howard,59,4.163870622158839e-07
2026-03-17,UMBC,Howard,60,5.852743832739682e-07
2026-03-17,UMBC,Howard,61,8.156586633312322e-07
2026-03-17,UMBC,Howard,62,1.127292723252888e-06
2026-03-17,UMBC,Howard,63,1.5453738354984845e-06
2026-03-17,UMBC,Howard,64,2.1017695039411853e-06
2026-03-17,UMBC,Howard,65,2.836444719119218e-06
2026-03-17,UMBC,Howard,66,3.7991058029667164e-06
2026-03-17,UMBC,Howard,67,5.051072870883407e-06
2026-03-17,UMBC,Howard,68,6.667388714506317e-06
2026-03-17,UMBC,Howard,69,8.739166473799063e-06
2026-03-17,UMBC,Howard,70,1.1376171789035285e-05
2026-03-17,UMBC,Howard,71,1.4709627216101005e-05
2026-03-17,UMBC,Howard,72,1.889521762087829e-05
2026-03-17,UMBC,Howard,73,2.4116265168871836e-05
2026-03-17,UMBC,Howard,74,3.058703158660841e-05
2026-03-17,UMBC,Howard,75,3.8556093847658074e-05
2026-03-17,UMBC,Howard,76,4.8309727646201195e-05
2026-03-17,UMBC,Howard,77,6.017522133906672e-05
2026-03-17,UMBC,Howard,78,7.452403188488813e-05
2026-03-17,UMBC,Howard,79,9.177468414396124e-05
2026-03-17,UMBC,Howard,80,0.00011239530620291153
2026-03-17,UMBC,Howard,81,0.00013690568663636272
2026-03-17,UMBC,Howard,82,0.0001658787352799059
2026-03-17,UMBC,Howard,83,0.0001999412275955864
2026-03-17,UMBC,Howard,84,0.00023977371443753982
2026-03-17,UMBC,Howard,85,0.0002861094842702567
2026-03-17,UMBC,Howard,86,0.0003397324738603618
2026-03-17,UMBC,Howard,87,0.0004014740362506518
2026-03-17,UMBC,Howard,88,0.0004722084914070634
2026-03-17,UMBC,Howard,89,0.000552847405150678
2026-03-17,UMBC,Howard,90,0.0006443325655608524
2026-03-17,UMBC,Howard,91,0.0007476276525446334
2026-03-17,UMBC,Howard,92,0.0008637086251706188
2026-03-17,UMBC,Howard,93,0.0009935528820100052
2026-03-17,UMBC,Howard,94,0.0011381272813665196
2026-03-17,UMBC,Howard,95,0.0012983751400897888
2026-03-17,UMBC,Howard,96,0.001475202360784082
2026-03-17,UMBC,Howard,97,0.0016694628667551742
2026-03-17,UMBC,Howard,98,0.001881943551098422
2026-03-17,UMBC,Howard,99,0.002113348970073517
2026-03-17,UMBC,Howard,100,0.002364286030553358
2026-03-17,UMBC,Howard,101,0.00263524893618554
2026-03-17,UMBC,Howard,102,0.002926604666390732
2026-03-17,UMBC,Howard,103,0.0032385792660049894
2026-03-17,UMBC,Howard,104,0.0035712452209674486
2026-03-17,UMBC,Howard,105,0.0039245101868394605
2026-03-17,UMBC,Howard,106,0.004298107322163481
2026-03-17,UMBC,Howard,107,0.004691587457946826
2026-03-17,UMBC,Howard,108,0.005104313308266927
2026-03-17,UMBC,Howard,109,0.005535455895675104
2026-03-17,UMBC,Howard,110,0.005983993329394799
2026-03-17,UMBC,Howard,111,0.006448712035057484
2026-03-17,UMBC,Howard,112,0.006928210492776697
2026-03-17,UMBC,Howard,113,0.007420905496680175
2026-03-17,UMBC,Howard,114,0.007925040904594258
2026-03-17,UMBC,Howard,115,0.008438698802409456
2026-03-17,UMBC,Howard,116,0.008959812964741808
2026-03-17,UMBC,Howard,117,0.009486184452791863
2026-03-17,UMBC,Howard,118,0.010015499152672625
2026-03-17,UMBC,Howard,119,0.010545347023725902
2026-03-17,UMBC,Howard,120,0.01107324279715812
2026-03-17,UMBC,Howard,121,0.011596647841266879
2026-03-17,UMBC,Howard,122,0.012112992891027598
2026-03-17,UMBC,Howard,123,0.012619701327155574
2026-03-17,UMBC,Howard,124,0.013114212683098207
2026-03-17,UMBC,Howard,125,0.013594006057748624
2026-03-17,UMBC,Howard,126,0.014056623116872988
2026-03-17,UMBC,Howard,127,0.01449969037704687
2026-03-17,UMBC,Howard,128,0.014920940481925863
2026-03-17,UMBC,Howard,129,0.015318232201448623
2026-03-17,UMBC,Howard,130,0.015689568909525345
2026-03-17,UMBC,Howard,131,0.016033115324263474
2026-03-17,UMBC,Howard,132,0.016347212326144243
2026-03-17,UMBC,Howard,133,0.016630389703072897
2026-03-17,UMBC,Howard,134,0.01688137670615369
2026-03-17,UMBC,Howard,135,0.01709911033566844
2026-03-17,UMBC,Howard,136,0.017282741312360024
2026-03-17,UMBC,Howard,137,0.01743163772407876
2026-03-17,UMBC,Howard,138,0.017545386371521192
2026-03-17,UMBC,Howard,139,0.01762379186862442
2026-03-17,UMBC,Howard,140,0.017666873582686062
2026-03-17,UMBC,Howard,141,0.01767486052604964
2026-03-17,UMBC,Howard,142,0.017648184334893163
2026-03-17,UMBC,Howard,143,0.017587470491034526
2026-03-17,UMBC,Howard,144,0.017493527959547398
2026-03-17,UMBC,Howard,145,0.017367337428275346
2026-03-17,UMBC,Howard,146,0.017210038345020044
2026-03-17,UMBC,Howard,147,0.01702291495431496
2026-03-17,UMBC,Howard,148,0.016807381538396348
2026-03-17,UMBC,Howard,149,0.016564967066421375
2026-03-17,UMBC,Howard,150,0.01629729945238449
2026-03-17,UMBC,Howard,151,0.016006089615814047
2026-03-17,UMBC,Howard,152,0.015693115530492435
2026-03-17,UMBC,Howard,153,0.01536020643546211
2026-03-17,UMBC,Howard,154,0.015009227369800923
2026-03-17,UMBC,Howard,155,0.014642064178426428
2026-03-17,UMBC,Howard,156,0.014260609120874176
2026-03-17,UMBC,Howard,157,0.013866747198934984
2026-03-17,UMBC,Howard,158,0.013462343302561625
2026-03-17,UMBC,Howard,159,0.013049230256872773
2026-03-17,UMBC,Howard,160,0.012629197836672115
2026-03-17,UMBC,Howard,161,0.012203982798907175
2026-03-17,UMBC,Howard,162,0.011775259968125994
2026-03-17,UMBC,Howard,163,0.011344634395421743
2026-03-17,UMBC,Howard,164,0.010913634597717435
2026-03-17,UMBC,Howard,165,0.010483706871635115
2026-03-17,UMBC,Howard,166,0.010056210664678395
2026-03-17,UMBC,Howard,167,0.009632414976072331
2026-03-17,UMBC,Howard,168,0.00921349575036138
2026-03-17,UMBC,Howard,169,0.008800534218760682
2026-03-17,UMBC,Howard,170,0.00839451613626935
2026-03-17,UMBC,Howard,171,0.007996331856659045
2026-03-17,UMBC,Howard,172,0.007606777182617873
2026-03-17,UMBC,Howard,173,0.007226554924522534
2026-03-17,UMBC,Howard,174,0.006856277098499313
2026-03-17,UMBC,Howard,175,0.006496467692581731
2026-03-17,UMBC,Howard,176,0.006147565928846625
2026-03-17,UMBC,Howard,177,0.005809929949374496
2026-03-17,UMBC,Howard,178,0.005483840854695472
2026-03-17,UMBC,Howard,179,0.00516950702500452
2026-03-17,UMBC,Howard,180,0.004867068656806383
2026-03-17,UMBC,Howard,181,0.004576602450722078
2026-03-17,UMBC,Howard,182,0.004298126389884184
2026-03-17,UMBC,Howard,183,0.00403160455258781
2026-03-17,UMBC,Howard,184,0.0037769519075592124
2026-03-17,UMBC,Howard,185,0.003534039045257875
2026-03-17,UMBC,Howard,186,0.003302696803937854
2026-03-17,UMBC,Howard,187,0.003082720754655188
2026-03-17,UMBC,Howard,188,0.0028738755149143
2026-03-17,UMBC,Howard,189,0.0026758988660948797
2026-03-17,UMBC,Howard,190,0.0024885056550948636
2026-03-17,UMBC,Howard,191,0.0023113914656769253
2026-03-17,UMBC,Howard,192,0.0021442360497381605
2026-03-17,UMBC,Howard,193,0.0019867065130718354
2026-03-17,UMBC,Howard,194,0.0018384602541065432
2026-03-17,UMBC,Howard,195,0.0016991476575574744
2026-03-17,UMBC,Howard,196,0.001568414547887323
2026-03-17,UMBC,Howard,197,0.0014459044099458145
2026-03-17,UMBC,Howard,198,0.001331260386145324
2026-03-17,UMBC,Howard,199,0.0012241270610559428
2026-03-17,UMBC,Howard,200,0.0011241520453971014
2026-03-17,UMBC,Howard,201,0.0010309873721025837
2026-03-17,UMBC,Howard,202,0.0009442907174859697
2026-03-17,UMBC,Howard,203,0.0008637264605816078
2026-03-17,UMBC,Howard,204,0.0007889665935321035
2026-03-17,UMBC,Howard,205,0.0007196914954859208
2026-03-17,UMBC,Howard,206,0.0006555905819057297
2026-03-17,UMBC,Howard,207,0.0005963628405138563
2026-03-17,UMBC,Howard,208,0.0005417172643558206
2026-03-17,UMBC,Howard,209,0.000491373191681673
2026-03-17,UMBC,Howard,210,0.00044506056155768967
2026-03-17,UMBC,Howard,211,0.00040252009335233017
2026-03-17,UMBC,Howard,212,0.00036350339750913395
2026-03-17,UMBC,Howard,213,0.0003277730243393351
2026-03-17,UMBC,Howard,214,0.0002951024569472876
2026-03-17,UMBC,Howard,215,0.0002652760538472296
2026-03-17,UMBC,Howard,216,0.00023808894634156204
2026-03-17,UMBC,Howard,217,0.00021334689530689817
2026-03-17,UMBC,Howard,218,0.0001908661116704869
2026-03-17,UMBC,Howard,219,0.0001704730445504222
2026-03-17,UMBC,Howard,220,0.0001520041407712962
2026-03-17,UMBC,Howard,221,0.0001353055792451304
2026-03-17,UMBC,Howard,222,0.00012023298351777712
2026-03-17,UMBC,Howard,223,0.00010665111561605658
2026-03-17,UMBC,Howard,224,9.443355418370122e-05
2026-03-17,UMBC,Howard,225,8.346235975847947e-05
2026-03-17,UMBC,Howard,226,7.362772991335163e-05
2026-03-17,UMBC,Howard,227,6.482764685671052e-05
2026-03-17,UMBC,Howard,228,5.696751995733302e-05
2026-03-17,UMBC,Howard,229,4.995982552615226e-05
2026-03-17,UMBC,Howard,230,4.372374604780014e-05
2026-03-17,UMBC,Howard,231,3.818481090937145e-05
2026-03-17,UMBC,Howard,232,3.327454052199859e-05
2026-03-17,UMBC,Howard,233,2.893009557319563e-05
2026-03-17,UMBC,Howard,234,2.5093932985580176e-05
2026-03-17,UMBC,Howard,235,2.171346999193049e-05
2026-03-17,UMBC,Howard,236,1.8740757569222737e-05
2026-03-17,UMBC,Howard,237,1.61321643071071e-05
2026-03-17,UMBC,Howard,238,1.3848071621028708e-05
2026-03-17,UMBC,Howard,239,1.1852581058677666e-05
2026-03-17,UMBC,Howard,240,1.0113234292310433e-05
2026-03-17,UMBC,Howard,241,8.600746240267436e-06
2026-03-17,UMBC,Howard,242,7.288751620016347e-06
2026-03-17,UMBC,Howard,243,6.153565103398526e-06
2026-03-17,UMBC,Howard,244,5.173955123312847e-06
2026-03-17,UMBC,Howard,245,4.3309312704682665e-06
2026-03-17,UMBC,Howard,246,3.607545119486282e-06
2026-03-17,UMBC,Howard,247,2.9887042357173625e-06
2026-03-17,UMBC,Howard,248,2.460999037635442e-06
2026-03-17,UMBC,Howard,249,2.0125421243953913e-06
2026-03-17,UMBC,Howard,250,1.6328196237199162e-06
2026-03-17,UMBC,Howard,251,1.312554071240049e-06
2026-03-17,UMBC,Howard,252,1.0435782981445958e-06
2026-03-17,UMBC,Howard,253,8.18719778819086e-07
2026-03-17,UMBC,Howard,254,6.316948733310634e-07
2026-03-17,UMBC,Howard,255,4.770123903621045e-07
2026-03-17,UMBC,Howard,256,3.498858937023472e-07
2026-03-17,UMBC,Howard,257,2.4615417889997413e-07
2026-03-17,UMBC,Howard,258,1.6220935531370502e-07
2026-03-17,UMBC,Howard,259,9.493198188136394e-08
2026-03-17,UMBC,Howard,260,4.16327216675962e-08
2026-03-17,Wyoming,Wichita St.,0,1.6203054457802832e-33
2026-03-17,Wyoming,Wichita St.,1,7.400684992875231e-32
2026-03-17,Wyoming,Wichita St.,2,1.7140587064594478e-30
2026-03-17,Wyoming,Wichita St.,3,2.6835845466484264e-29
2026-03-17,Wyoming,Wichita St.,4,3.194580207157016e-28
2026-03-17,Wyoming,Wichita St.,5,3.083704151432048e-27
2026-03-17,Wyoming,Wichita St.,6,2.5138861145124221e-26
2026-03-17,Wyoming,Wichita St.,7,1.7798924170228213e-25
2026-03-17,Wyoming,Wichita St.,8,1.1171223657934968e-24
2026-03-17,Wyoming,Wichita St.,9,6.313011636149792e-24
2026-03-17,Wyoming,Wichita St.,10,3.251836299176508e-23
2026-03-17,Wyoming,Wichita St.,11,1.541969839503413e-22
2026-03-17,Wyoming,Wichita St.,12,6.786065523573406e-22
2026-03-17,Wyoming,Wichita St.,13,2.7907372442460836e-21
2026-03-17,Wyoming,Wichita St.,14,1.0786855071696968e-20
2026-03-17,Wyoming,Wichita St.,15,3.9382883965579384e-20
2026-03-17,Wyoming,Wichita St.,16,1.3640591785267545e-19
2026-03-17,Wyoming,Wichita St.,17,4.498988081905427e-19
2026-03-17,Wyoming,Wichita St.,18,1.4177583625426238e-18
2026-03-17,Wyoming,Wichita St.,19,4.281377924841029e-18
2026-03-17,Wyoming,Wichita St.,20,1.2422544760401257e-17
2026-03-17,Wyoming,Wichita St.,21,3.4715107268777485e-17
2026-03-17,Wyoming,Wichita St.,22,9.363595580774396e-17
2026-03-17,Wyoming,Wichita St.,23,2.4424837333193234e-16
2026-03-17,Wyoming,Wichita St.,24,6.172468958803655e-16
2026-03-17,Wyoming,Wichita St.,25,1.5136713840879695e-15
2026-03-17,Wyoming,Wichita St.,26,3.607437340469604e-15
2026-03-17,Wyoming,Wichita St.,27,8.366774088670664e-15
2026-03-17,Wyoming,Wichita St.,28,1.8908673562565184e-14
2026-03-17,Wyoming,Wichita St.,29,4.1688729966241535e-14
2026-03-17,Wyoming,Wichita St.,30,8.976457029005249e-14
2026-03-17,Wyoming,Wichita St.,31,1.8895614992536778e-13
2026-03-17,Wyoming,Wichita St.,32,3.8922270416764796e-13
2026-03-17,Wyoming,Wichita St.,33,7.852367619284051e-13
2026-03-17,Wyoming,Wichita St.,34,1.5528450698121738e-12
2026-03-17,Wyoming,Wichita St.,35,3.0124374565142127e-12
2026-03-17,Wyoming,Wichita St.,36,5.7370322421404395e-12
2026-03-17,Wyoming,Wichita St.,37,1.0733320717887957e-11
2026-03-17,Wyoming,Wichita St.,38,1.9739654011036488e-11
2026-03-17,Wyoming,Wichita St.,39,3.570827153014827e-11
2026-03-17,Wyoming,Wichita St.,40,6.357299387097772e-11
2026-03-17,Wyoming,Wichita St.,41,1.1145210277984333e-10
2026-03-17,Wyoming,Wichita St.,42,1.925042859033979e-10
2026-03-17,Wyoming,Wichita St.,43,3.2774969089913043e-10
2026-03-17,Wyoming,Wichita St.,44,5.502960810664548e-10
2026-03-17,Wyoming,Wichita St.,45,9.115810749312865e-10
2026-03-17,Wyoming,Wichita St.,46,1.4904662336714414e-09
2026-03-17,Wyoming,Wichita St.,47,2.40630943995435e-09
2026-03-17,Wyoming,Wichita St.,48,3.83751176845993e-09
2026-03-17,Wyoming,Wichita St.,49,6.047497650454986e-09
2026-03-17,Wyoming,Wichita St.,50,9.420656230618206e-09
2026-03-17,Wyoming,Wichita St.,51,1.4511459971778405e-08
2026-03-17,Wyoming,Wichita St.,52,2.211079404880224e-08
2026-03-17,Wyoming,Wichita St.,53,3.3334483378953916e-08
2026-03-17,Wyoming,Wichita St.,54,4.9740094288508293e-08
2026-03-17,Wyoming,Wichita St.,55,7.347930851983857e-08
2026-03-17,Wyoming,Wichita St.,56,1.0749450299734362e-07
2026-03-17,Wyoming,Wichita St.,57,1.5576959281883406e-07
2026-03-17,Wyoming,Wichita St.,58,2.2364666781170037e-07
2026-03-17,Wyoming,Wichita St.,59,3.182214209942275e-07
2026-03-17,Wyoming,Wichita St.,60,4.4883176170193304e-07
2026-03-17,Wyoming,Wichita St.,61,6.276552431300675e-07
2026-03-17,Wyoming,Wichita St.,62,8.704319153723589e-07
2026-03-17,Wyoming,Wichita St.,63,1.1973298298464676e-06
2026-03-17,Wyoming,Wichita St.,64,1.633970548694048e-06
2026-03-17,Wyoming,Wichita St.,65,2.2126315270452188e-06
2026-03-17,Wyoming,Wichita St.,66,2.9736410101703643e-06
2026-03-17,Wyoming,Wichita St.,67,3.9669790004887816e-06
2026-03-17,Wyoming,Wichita St.,68,5.254094793018377e-06
2026-03-17,Wyoming,Wichita St.,69,6.9099474645842926e-06
2026-03-17,Wyoming,Wichita St.,70,9.025270472994971e-06
2026-03-17,Wyoming,Wichita St.,71,1.1709055154919671e-05
2026-03-17,Wyoming,Wichita St.,72,1.509124042654195e-05
2026-03-17,Wyoming,Wichita St.,73,1.932558746029078e-05
2026-03-17,Wyoming,Wichita St.,74,2.459270865967342e-05
2026-03-17,Wyoming,Wichita St.,75,3.110321006524714e-05
2026-03-17,Wyoming,Wichita St.,76,3.910089563832471e-05
2026-03-17,Wyoming,Wichita St.,77,4.886597098042571e-05
2026-03-17,Wyoming,Wichita St.,78,6.0718173300881875e-05
2026-03-17,Wyoming,Wichita St.,79,7.501974422916314e-05
2026-03-17,Wyoming,Wichita St.,80,9.21781527999167e-05
2026-03-17,Wyoming,Wichita St.,81,0.00011264846805217885
2026-03-17,Wyoming,Wichita St.,82,0.0001369352746161892
2026-03-17,Wyoming,Wichita St.,83,0.0001655940208327304
2026-03-17,Wyoming,Wichita St.,84,0.00019923168774849223
2026-03-17,Wyoming,Wichita St.,85,0.00023850666909255107
2026-03-17,Wyoming,Wichita St.,86,0.0002841277573305348
2026-03-17,Wyoming,Wichita St.,87,0.0003368521392962143
2026-03-17,Wyoming,Wichita St.,88,0.0003974823167983085
2026-03-17,Wyoming,Wichita St.,89,0.00046686188296704
2026-03-17,Wyoming,Wichita St.,90,0.0005458701037981908
2026-03-17,Wyoming,Wichita St.,91,0.0006354152761106952
2026-03-17,Wyoming,Wichita St.,92,0.000736426857578649
2026-03-17,Wyoming,Wichita St.,93,0.0008498463911403175
2026-03-17,Wyoming,Wichita St.,94,0.000976617274335282
2026-03-17,Wyoming,Wichita St.,95,0.0011176734533010254
2026-03-17,Wyoming,Wichita St.,96,0.0012739271505300066
2026-03-17,Wyoming,Wichita St.,97,0.0014462557642607812
2026-03-17,Wyoming,Wichita St.,98,0.0016354881047446704
2026-03-17,Wyoming,Wichita St.,99,0.0018423901577900993
2026-03-17,Wyoming,Wichita St.,100,0.002067650588168688
2026-03-17,Wyoming,Wichita St.,101,0.0023118662139553652
2026-03-17,Wyoming,Wichita St.,102,0.002575527697034997
2026-03-17,Wyoming,Wichita St.,103,0.0028590057043084466
2026-03-17,Wyoming,Wichita St.,104,0.003162537798160881
2026-03-17,Wyoming,Wichita St.,105,0.0034862163132394325
2026-03-17,Wyoming,Wichita St.,106,0.003829977469397133
2026-03-17,Wyoming,Wichita St.,107,0.004193591957818079
2026-03-17,Wyoming,Wichita St.,108,0.004576657219019963
2026-03-17,Wyoming,Wichita St.,109,0.004978591607957996
2026-03-17,Wyoming,Wichita St.,110,0.005398630613290503
2026-03-17,Wyoming,Wichita St.,111,0.005835825265600613
2026-03-17,Wyoming,Wichita St.,112,0.006289042833696462
2026-03-17,Wyoming,Wichita St.,113,0.006756969869821921
2026-03-17,Wyoming,Wichita St.,114,0.007238117624552001
2026-03-17,Wyoming,Wichita St.,115,0.00773082981121741
2026-03-17,Wyoming,Wichita St.,116,0.008233292658811736
2026-03-17,Wyoming,Wichita St.,117,0.008743547152386474
2026-03-17,Wyoming,Wichita St.,118,0.009259503321804361
2026-03-17,Wyoming,Wichita St.,119,0.009778956404217491
2026-03-17,Wyoming,Wichita St.,120,0.010299604673504211
2026-03-17,Wyoming,Wichita St.,121,0.01081906870178748
2026-03-17,Wyoming,Wichita St.,122,0.011334911794608816
2026-03-17,Wyoming,Wichita St.,123,0.011844661322770062
2026-03-17,Wyoming,Wichita St.,124,0.012345830660578901
2026-03-17,Wyoming,Wichita St.,125,0.012835941432413813
2026-03-17,Wyoming,Wichita St.,126,0.013312545767201842
2026-03-17,Wyoming,Wichita St.,127,0.01377324826349435
2026-03-17,Wyoming,Wichita St.,128,0.01421572737613315
2026-03-17,Wyoming,Wichita St.,129,0.014637755948709747
2026-03-17,Wyoming,Wichita St.,130,0.015037220633732298
2026-03-17,Wyoming,Wichita St.,131,0.0154121399641366
2026-03-17,Wyoming,Wichita St.,132,0.015760680864958167
2026-03-17,Wyoming,Wichita St.,133,0.016081173422013973
2026-03-17,Wyoming,Wichita St.,134,0.016372123754687
2026-03-17,Wyoming,Wichita St.,135,0.016632224871707044
2026-03-17,Wyoming,Wichita St.,136,0.01686036542151878
2026-03-17,Wyoming,Wichita St.,137,0.01705563628177823
2026-03-17,Wyoming,Wichita St.,138,0.017217334965104088
2026-03-17,Wyoming,Wichita St.,139,0.017344967849852243
2026-03-17,Wyoming,Wichita St.,140,0.017438250274854305
2026-03-17,Wyoming,Wichita St.,141,0.01749710456529108
2026-03-17,Wyoming,Wichita St.,142,0.017521656082759646
2026-03-17,Wyoming,Wichita St.,143,0.017512227415798654
2026-03-17,Wyoming,Wichita St.,144,0.01746933084740144
2026-03-17,Wyoming,Wichita St.,145,0.017393659253178127
2026-03-17,Wyoming,Wichita St.,146,0.017286075597707173
2026-03-17,Wyoming,Wichita St.,147,0.017147601207197622
2026-03-17,Wyoming,Wichita St.,148,0.016979403003878922
2026-03-17,Wyoming,Wichita St.,149,0.01678277989162525
2026-03-17,Wyoming,Wichita St.,150,0.01655914848333858
2026-03-17,Wyoming,Wichita St.,151,0.016310028358741763
2026-03-17,Wyoming,Wichita St.,152,0.016037027036694327
2026-03-17,Wyoming,Wichita St.,153,0.015741824839201116
2026-03-17,Wyoming,Wichita St.,154,0.015426159815223498
2026-03-17,Wyoming,Wichita St.,155,0.015091812881534298
2026-03-17,Wyoming,Wichita St.,156,0.014740593325498852
2026-03-17,Wyoming,Wichita St.,157,0.01437432480113953
2026-03-17,Wyoming,Wichita St.,158,0.013994831935467163
2026-03-17,Wyoming,Wichita St.,159,0.013603927647147327
2026-03-17,Wyoming,Wichita St.,160,0.013203401264399218
2026-03-17,Wyoming,Wichita St.,161,0.01279500751386317
2026-03-17,Wyoming,Wichita St.,162,0.012380456437252916
2026-03-17,Wyoming,Wichita St.,163,0.011961404278132522
2026-03-17,Wyoming,Wichita St.,164,0.011539445367292206
2026-03-17,Wyoming,Wichita St.,165,0.011116105022076677
2026-03-17,Wyoming,Wichita St.,166,0.010692833462745866
2026-03-17,Wyoming,Wichita St.,167,0.010271000737593189
2026-03-17,Wyoming,Wichita St.,168,0.009851892638159259
2026-03-17,Wyoming,Wichita St.,169,0.009436707576485836
2026-03-17,Wyoming,Wichita St.,170,0.009026554387965442
2026-03-17,Wyoming,Wichita St.,171,0.008622451015958063
2026-03-17,Wyoming,Wichita St.,172,0.00822532402795704
2026-03-17,Wyoming,Wichita St.,173,0.007836008907680556
2026-03-17,Wyoming,Wichita St.,174,0.007455251063027337
2026-03-17,Wyoming,Wichita St.,175,0.0070837074863493625
2026-03-17,Wyoming,Wichita St.,176,0.006721949000943384
2026-03-17,Wyoming,Wichita St.,177,0.006370463026027334
2026-03-17,Wyoming,Wichita St.,178,0.006029656791725602
2026-03-17,Wyoming,Wichita St.,179,0.005699860935710276
2026-03-17,Wyoming,Wichita St.,180,0.005381333414099887
2026-03-17,Wyoming,Wichita St.,181,0.005074263660959044
2026-03-17,Wyoming,Wichita St.,182,0.004778776933218095
2026-03-17,Wyoming,Wichita St.,183,0.004494938780977087
2026-03-17,Wyoming,Wichita St.,184,0.004222759586897121
2026-03-17,Wyoming,Wichita St.,185,0.003962199122628506
2026-03-17,Wyoming,Wichita St.,186,0.0037131710748848188
2026-03-17,Wyoming,Wichita St.,187,0.0034755474987426837
2026-03-17,Wyoming,Wichita St.,188,0.003249163160924072
2026-03-17,Wyoming,Wichita St.,189,0.003033819741093876
2026-03-17,Wyoming,Wichita St.,190,0.0028292898644761513
2026-03-17,Wyoming,Wichita St.,191,0.0026353209442581548
2026-03-17,Wyoming,Wichita St.,192,0.0024516388172207072
2026-03-17,Wyoming,Wichita St.,193,0.002277951160725629
2026-03-17,Wyoming,Wichita St.,194,0.0021139506835376907
2026-03-17,Wyoming,Wichita St.,195,0.0019593180869054783
2026-03-17,Wyoming,Wichita St.,196,0.001813724795833176
2026-03-17,Wyoming,Wichita St.,197,0.0016768354635190814
2026-03-17,Wyoming,Wichita St.,198,0.0015483102545066655
2026-03-17,Wyoming,Wichita St.,199,0.0014278069141938174
2026-03-17,Wyoming,Wichita St.,200,0.0013149826339913474
2026-03-17,Wyoming,Wichita St.,201,0.001209495722639151
2026-03-17,Wyoming,Wichita St.,202,0.0011110070950124079
2026-03-17,Wyoming,Wichita St.,203,0.0010191815902219213
2026-03-17,Wyoming,Wichita St.,204,0.0009336891309776454
2026-03-17,Wyoming,Wichita St.,205,0.0008542057360903067
2026-03-17,Wyoming,Wichita St.,206,0.0007804143976807878
2026-03-17,Wyoming,Wichita St.,207,0.0007120058341975722
2026-03-17,Wyoming,Wichita St.,208,0.0006486791297530658
2026-03-17,Wyoming,Wichita St.,209,0.0005901422696204709
2026-03-17,Wyoming,Wichita St.,210,0.0005361125810199391
2026-03-17,Wyoming,Wichita St.,211,0.00048631708759664326
2026-03-17,Wyoming,Wichita St.,212,0.00044049278527955905
2026-03-17,Wyoming,Wichita St.,213,0.0003983868465282051
2026-03-17,Wyoming,Wichita St.,214,0.00035975675934006584
2026-03-17,Wyoming,Wichita St.,215,0.0003243704068140274
2026-03-17,Wyoming,Wichita St.,216,0.00029200609255050956
2026-03-17,Wyoming,Wichita St.,217,0.0002624525167190008
2026-03-17,Wyoming,Wichita St.,218,0.00023550870723718122
2026-03-17,Wyoming,Wichita St.,219,0.00021098391017904835
2026-03-17,Wyoming,Wichita St.,220,0.00018869744325681064
2026-03-17,Wyoming,Wichita St.,221,0.00016847851599594412
2026-03-17,Wyoming,Wichita St.,222,0.00015016602003711202
2026-03-17,Wyoming,Wichita St.,223,0.00013360829284471255
2026-03-17,Wyoming,Wichita St.,224,0.00011866285797192674
2026-03-17,Wyoming,Wichita St.,225,0.00010519614491895042
2026-03-17,Wyoming,Wichita St.,226,9.308319151804519e-05
2026-03-17,Wyoming,Wichita St.,227,8.2207331680327e-05
2026-03-17,Wyoming,Wichita St.,228,7.24598712400966e-05
2026-03-17,Wyoming,Wichita St.,229,6.373975452923329e-05
2026-03-17,Wyoming,Wichita St.,230,5.59532242039348e-05
2026-03-17,Wyoming,Wichita St.,231,4.9013476727143276e-05
2026-03-17,Wyoming,Wichita St.,232,4.2840315781405815e-05
2026-03-17,Wyoming,Wichita St.,233,3.7359805748579714e-05
2026-03-17,Wyoming,Wichita St.,234,3.250392724522748e-05
2026-03-17,Wyoming,Wichita St.,235,2.8210236546859255e-05
2026-03-17,Wyoming,Wichita St.,236,2.442153057185929e-05
2026-03-17,Wyoming,Wichita St.,237,2.108551892879941e-05
2026-03-17,Wyoming,Wichita St.,238,1.8154504360860225e-05
2026-03-17,Wyoming,Wichita St.,239,1.5585072750353326e-05
2026-03-17,Wyoming,Wichita St.,240,1.3337793676889775e-05
2026-03-17,Wyoming,Wichita St.,241,1.1376932356596558e-05
2026-03-17,Wyoming,Wichita St.,242,9.670173628748063e-06
2026-03-17,Wyoming,Wichita St.,243,8.188358501929388e-06
2026-03-17,Wyoming,Wichita St.,244,6.905233625805287e-06
2026-03-17,Wyoming,Wichita St.,245,5.797213917914094e-06
2026-03-17,Wyoming,Wichita St.,246,4.84315844858622e-06
2026-03-17,Wyoming,Wichita St.,247,4.0241595717787065e-06
2026-03-17,Wyoming,Wichita St.,248,3.32334518576034e-06
2026-03-17,Wyoming,Wichita St.,249,2.725693915388667e-06
2026-03-17,Wyoming,Wichita St.,250,2.217862927183411e-06
2026-03-17,Wyoming,Wichita St.,251,1.7880280193382753e-06
2026-03-17,Wyoming,Wichita St.,252,1.4257355708653247e-06
2026-03-17,Wyoming,Wichita St.,253,1.1217658867464011e-06
2026-03-17,Wyoming,Wichita St.,254,8.680074386719672e-07
2026-03-17,Wyoming,Wichita St.,255,6.573414729880507e-07
2026-03-17,Wyoming,Wichita St.,256,4.835364381036067e-07
2026-03-17,Wyoming,Wichita St.,257,3.4115167203207675e-07
2026-03-17,Wyoming,Wichita St.,258,2.2544978615148484e-07
2026-03-17,Wyoming,Wichita St.,259,1.3231718284596018e-07
2026-03-17,Wyoming,Wichita St.,260,5.819215164265518e-08
2026-03-17,Yale,UNC Wilmington,0,1.1609962093541428e-33
2026-03-17,Yale,UNC Wilmington,1,5.316016394770601e-32
2026-03-17,Yale,UNC Wilmington,2,1.2342981763114915e-30
2026-03-17,Yale,UNC Wilmington,3,1.9372656528918176e-29
2026-03-17,Yale,UNC Wilmington,4,2.31188737020841e-28
2026-03-17,Yale,UNC Wilmington,5,2.2371959171349494e-27
2026-03-17,Yale,UNC Wilmington,6,1.828330837596526e-26
2026-03-17,Yale,UNC Wilmington,7,1.297717690732077e-25
2026-03-17,Yale,UNC Wilmington,8,8.165144951917065e-25
2026-03-17,Yale,UNC Wilmington,9,4.625682209336998e-24
2026-03-17,Yale,UNC Wilmington,10,2.3885991737407502e-23
2026-03-17,Yale,UNC Wilmington,11,1.1354426658840788e-22
2026-03-17,Yale,UNC Wilmington,12,5.009350398822344e-22
2026-03-17,Yale,UNC Wilmington,13,2.06516913527808e-21
2026-03-17,Yale,UNC Wilmington,14,8.002102247377204e-21
2026-03-17,Yale,UNC Wilmington,15,2.928792349934162e-20
2026-03-17,Yale,UNC Wilmington,16,1.0169165284929763e-19
2026-03-17,Yale,UNC Wilmington,17,3.36230539776428e-19
2026-03-17,Yale,UNC Wilmington,18,1.0621697381332012e-18
2026-03-17,Yale,UNC Wilmington,19,3.2154651757441497e-18
2026-03-17,Yale,UNC Wilmington,20,9.352731755535736e-18
2026-03-17,Yale,UNC Wilmington,21,2.6200717546601933e-17
2026-03-17,Yale,UNC Wilmington,22,7.084401503163085e-17
2026-03-17,Yale,UNC Wilmington,23,1.8524952373334889e-16
2026-03-17,Yale,UNC Wilmington,24,4.692975319757615e-16
2026-03-17,Yale,UNC Wilmington,25,1.1536761211604585e-15
2026-03-17,Yale,UNC Wilmington,26,2.756214643642953e-15
2026-03-17,Yale,UNC Wilmington,27,6.408157620252173e-15
2026-03-17,Yale,UNC Wilmington,28,1.4517641071885473e-14
2026-03-17,Yale,UNC Wilmington,29,3.208576701888985e-14
2026-03-17,Yale,UNC Wilmington,30,6.92558379341504e-14
2026-03-17,Yale,UNC Wilmington,31,1.4613996979115877e-13
2026-03-17,Yale,UNC Wilmington,32,3.0175991909513714e-13
2026-03-17,Yale,UNC Wilmington,33,6.102647086018255e-13
2026-03-17,Yale,UNC Wilmington,34,1.20975887705868e-12
2026-03-17,Yale,UNC Wilmington,35,2.352559309043709e-12
2026-03-17,Yale,UNC Wilmington,36,4.491179966519053e-12
2026-03-17,Yale,UNC Wilmington,37,8.422803182325916e-12
2026-03-17,Yale,UNC Wilmington,38,1.5527809489172282e-11
2026-03-17,Yale,UNC Wilmington,39,2.8156995516459625e-11
2026-03-17,Yale,UNC Wilmington,40,5.0249953836059323e-11
2026-03-17,Yale,UNC Wilmington,41,8.830706783131288e-11
2026-03-17,Yale,UNC Wilmington,42,1.528940035196931e-10
2026-03-17,Yale,UNC Wilmington,43,2.6093589820978487e-10
2026-03-17,Yale,UNC Wilmington,44,4.39165355170872e-10
2026-03-17,Yale,UNC Wilmington,45,7.29231916448558e-10
2026-03-17,Yale,UNC Wilmington,46,1.1951703549105002e-09
2026-03-17,Yale,UNC Wilmington,47,1.9341716761296556e-09
2026-03-17,Yale,UNC Wilmington,48,3.0919160488212645e-09
2026-03-17,Yale,UNC Wilmington,49,4.8841236470863256e-09
2026-03-17,Yale,UNC Wilmington,50,7.62647044662494e-09
2026-03-17,Yale,UNC Wilmington,51,1.1775613647427868e-08
2026-03-17,Yale,UNC Wilmington,52,1.7984786276384118e-08
2026-03-17,Yale,UNC Wilmington,53,2.7178260482976665e-08
2026-03-17,Yale,UNC Wilmington,54,4.064994758717963e-08
2026-03-17,Yale,UNC Wilmington,55,6.019249761248803e-08
2026-03-17,Yale,UNC Wilmington,56,8.826447166187982e-08
2026-03-17,Yale,UNC Wilmington,57,1.2820446740781873e-07
2026-03-17,Yale,UNC Wilmington,58,1.8450245035752846e-07
2026-03-17,Yale,UNC Wilmington,59,2.631399380419418e-07
2026-03-17,Yale,UNC Wilmington,60,3.720120438939764e-07
2026-03-17,Yale,UNC Wilmington,61,5.214456413187295e-07
2026-03-17,Yale,UNC Wilmington,62,7.248289715270861e-07
2026-03-17,Yale,UNC Wilmington,63,9.993687936716307e-07
2026-03-17,Yale,UNC Wilmington,64,1.3669915547213092e-06
2026-03-17,Yale,UNC Wilmington,65,1.8554049239968144e-06
2026-03-17,Yale,UNC Wilmington,66,2.4993352748728024e-06
2026-03-17,Yale,UNC Wilmington,67,3.3419551874413606e-06
2026-03-17,Yale,UNC Wilmington,68,4.436512682759253e-06
2026-03-17,Yale,UNC Wilmington,69,5.84817058856499e-06
2026-03-17,Yale,UNC Wilmington,70,7.656060107259996e-06
2026-03-17,Yale,UNC Wilmington,71,9.955547268364932e-06
2026-03-17,Yale,UNC Wilmington,72,1.286070449514415e-05
2026-03-17,Yale,UNC Wilmington,73,1.6506972037199068e-05
2026-03-17,Yale,UNC Wilmington,74,2.1053985604277737e-05
2026-03-17,Yale,UNC Wilmington,75,2.66885373197563e-05
2026-03-17,Yale,UNC Wilmington,76,3.362762728693926e-05
2026-03-17,Yale,UNC Wilmington,77,4.21215528718096e-05
2026-03-17,Yale,UNC Wilmington,78,5.245697254581113e-05
2026-03-17,Yale,UNC Wilmington,79,6.49598711388339e-05
2026-03-17,Yale,UNC Wilmington,80,7.999834399799246e-05
2026-03-17,Yale,UNC Wilmington,81,9.798510922826529e-05
2026-03-17,Yale,UNC Wilmington,82,0.00011937965031376765
2026-03-17,Yale,UNC Wilmington,83,0.0001446898863865077
2026-03-17,Yale,UNC Wilmington,84,0.00017447326460600269
2026-03-17,Yale,UNC Wilmington,85,0.00020933716888435835
2026-03-17,Yale,UNC Wilmington,86,0.0002499385418302684
2026-03-17,Yale,UNC Wilmington,87,0.00029698262251576636
2026-03-17,Yale,UNC Wilmington,88,0.0003512207116323077
2026-03-17,Yale,UNC Wilmington,89,0.0004134468878439547
2026-03-17,Yale,UNC Wilmington,90,0.00048449361460771597
2026-03-17,Yale,UNC Wilmington,91,0.000565226195248334
2026-03-17,Yale,UNC Wilmington,92,0.0006565360553709546
2026-03-17,Yale,UNC Wilmington,93,0.0007593328553867431
2026-03-17,Yale,UNC Wilmington,94,0.0008745354615300758
2026-03-17,Yale,UNC Wilmington,95,0.0010030618306885188
2026-03-17,Yale,UNC Wilmington,96,0.0011458178920010337
2026-03-17,Yale,UNC Wilmington,97,0.001303685535801968
2026-03-17,Yale,UNC Wilmington,98,0.0014775098473587224
2026-03-17,Yale,UNC Wilmington,99,0.0016680857482168842
2026-03-17,Yale,UNC Wilmington,100,0.001876144231085954
2026-03-17,Yale,UNC Wilmington,101,0.0021023383943637682
2026-03-17,Yale,UNC Wilmington,102,0.0023472294989587395
2026-03-17,Yale,UNC Wilmington,103,0.002611273282455413
2026-03-17,Yale,UNC Wilmington,104,0.0028948067734094
2026-03-17,Yale,UNC Wilmington,105,0.003198035851295819
2026-03-17,Yale,UNC Wilmington,106,0.003521023795143063
2026-03-17,Yale,UNC Wilmington,107,0.0038636810560686136
2026-03-17,Yale,UNC Wilmington,108,0.004225756475844876
2026-03-17,Yale,UNC Wilmington,109,0.004606830155449903
2026-03-17,Yale,UNC Wilmington,110,0.00500630815462501
2026-03-17,Yale,UNC Wilmington,111,0.0054234191762212265
2026-03-17,Yale,UNC Wilmington,112,0.005857213358134316
2026-03-17,Yale,UNC Wilmington,113,0.006306563261567924
2026-03-17,Yale,UNC Wilmington,114,0.006770167107969023
2026-03-17,Yale,UNC Wilmington,115,0.007246554279048784
2026-03-17,Yale,UNC Wilmington,116,0.007734093055672752
2026-03-17,Yale,UNC Wilmington,117,0.008231000532923326
2026-03-17,Yale,UNC Wilmington,118,0.008735354611144741
2026-03-17,Yale,UNC Wilmington,119,0.009245107927080142
2026-03-17,Yale,UNC Wilmington,120,0.009758103556055444
2026-03-17,Yale,UNC Wilmington,121,0.01027209228623622
2026-03-17,Yale,UNC Wilmington,122,0.010784751239875998
2026-03-17,Yale,UNC Wilmington,123,0.011293703594681055
2026-03-17,Yale,UNC Wilmington,124,0.011796539141322027
2026-03-17,Yale,UNC Wilmington,125,0.01229083540099475
2026-03-17,Yale,UNC Wilmington,126,0.012774179019920708
2026-03-17,Yale,UNC Wilmington,127,0.013244187155811505
2026-03-17,Yale,UNC Wilmington,128,0.01369852857451855
2026-03-17,Yale,UNC Wilmington,129,0.014134944183154132
2026-03-17,Yale,UNC Wilmington,130,0.01455126673861259
2026-03-17,Yale,UNC Wilmington,131,0.014945439487257984
2026-03-17,Yale,UNC Wilmington,132,0.015315533512122566
2026-03-17,Yale,UNC Wilmington,133,0.015659763587759737
2026-03-17,Yale,UNC Wilmington,134,0.015976502369353034
2026-03-17,Yale,UNC Wilmington,135,0.01626429277120299
2026-03-17,Yale,UNC Wilmington,136,0.01652185841968634
2026-03-17,Yale,UNC Wilmington,137,0.016748112096593114
2026-03-17,Yale,UNC Wilmington,138,0.016942162119799677
2026-03-17,Yale,UNC Wilmington,139,0.01710331663895073
2026-03-17,Yale,UNC Wilmington,140,0.017231085853667463
2026-03-17,Yale,UNC Wilmington,141,0.017325182190275606
2026-03-17,Yale,UNC Wilmington,142,0.01738551849972001
2026-03-17,Yale,UNC Wilmington,143,0.01741220436382146
2026-03-17,Yale,UNC Wilmington,144,0.017405540619021706
2026-03-17,Yale,UNC Wilmington,145,0.01736601222600508
2026-03-17,Yale,UNC Wilmington,146,0.01729427962989802
2026-03-17,Yale,UNC Wilmington,147,0.017191168769016302
2026-03-17,Yale,UNC Wilmington,148,0.01705765990030346
2026-03-17,Yale,UNC Wilmington,149,0.0168948754166944
2026-03-17,Yale,UNC Wilmington,150,0.016704066835715688
2026-03-17,Yale,UNC Wilmington,151,0.01648660113982207
2026-03-17,Yale,UNC Wilmington,152,0.01624394664743691
2026-03-17,Yale,UNC Wilmington,153,0.0159776585896278
2026-03-17,Yale,UNC Wilmington,154,0.01568936456105096
2026-03-17,Yale,UNC Wilmington,155,0.015380750005516131
2026-03-17,Yale,UNC Wilmington,156,0.015053543886547227
2026-03-17,Yale,UNC Wilmington,157,0.014709504681944605
2026-03-17,Yale,UNC Wilmington,158,0.014350406828896736
2026-03-17,Yale,UNC Wilmington,159,0.013978027732934533
2026-03-17,Yale,UNC Wilmington,160,0.013594135440253587
2026-03-17,Yale,UNC Wilmington,161,0.013200477058903716
2026-03-17,Yale,UNC Wilmington,162,0.01279876800029533
2026-03-17,Yale,UNC Wilmington,163,0.012390682098597653
2026-03-17,Yale,UNC Wilmington,164,0.011977842652076723
2026-03-17,Yale,UNC Wilmington,165,0.011561814417377305
2026-03-17,Yale,UNC Wilmington,166,0.011144096575304555
2026-03-17,Yale,UNC Wilmington,167,0.010726116674889642
2026-03-17,Yale,UNC Wilmington,168,0.010309225551492844
2026-03-17,Yale,UNC Wilmington,169,0.009894693204452378
2026-03-17,Yale,UNC Wilmington,170,0.009483705610362844
2026-03-17,Yale,UNC Wilmington,171,0.009077362439490767
2026-03-17,Yale,UNC Wilmington,172,0.008676675635130094
2026-03-17,Yale,UNC Wilmington,173,0.00828256880889022
2026-03-17,Yale,UNC Wilmington,174,0.007895877399016031
2026-03-17,Yale,UNC Wilmington,175,0.007517349533885454
2026-03-17,Yale,UNC Wilmington,176,0.0071476475388352586
2026-03-17,Yale,UNC Wilmington,177,0.006787350021447356
2026-03-17,Yale,UNC Wilmington,178,0.0064369544683939494
2026-03-17,Yale,UNC Wilmington,179,0.006096880285890995
2026-03-17,Yale,UNC Wilmington,180,0.005767472215730969
2026-03-17,Yale,UNC Wilmington,181,0.005449004059729614
2026-03-17,Yale,UNC Wilmington,182,0.005141682647180834
2026-03-17,Yale,UNC Wilmington,183,0.004845651982505463
2026-03-17,Yale,UNC Wilmington,184,0.004560997513622582
2026-03-17,Yale,UNC Wilmington,185,0.004287750465569458
2026-03-17,Yale,UNC Wilmington,186,0.004025892188437835
2026-03-17,Yale,UNC Wilmington,187,0.003775358473660344
2026-03-17,Yale,UNC Wilmington,188,0.0035360437979442836
2026-03-17,Yale,UNC Wilmington,189,0.0033078054595832946
2026-03-17,Yale,UNC Wilmington,190,0.003090467577353513
2026-03-17,Yale,UNC Wilmington,191,0.002883824927600801
2026-03-17,Yale,UNC Wilmington,192,0.0026876466003394254
2026-03-17,Yale,UNC Wilmington,193,0.002501679460114304
2026-03-17,Yale,UNC Wilmington,194,0.002325651401947719
2026-03-17,Yale,UNC Wilmington,195,0.002159274396834229
2026-03-17,Yale,UNC Wilmington,196,0.0020022473249190482
2026-03-17,Yale,UNC Wilmington,197,0.001854258597668314
2026-03-17,Yale,UNC Wilmington,198,0.0017149885730046847
2026-03-17,Yale,UNC Wilmington,199,0.0015841117695444922
2026-03-17,Yale,UNC Wilmington,200,0.001461298887753596
2026-03-17,Yale,UNC Wilmington,201,0.0013462186470696487
2026-03-17,Yale,UNC Wilmington,202,0.0012385394488600358
2026-03-17,Yale,UNC Wilmington,203,0.001137930875544847
2026-03-17,Yale,UNC Wilmington,204,0.0010440650363648422
2026-03-17,Yale,UNC Wilmington,205,0.0009566177701690927
2026-03-17,Yale,UNC Wilmington,206,0.0008752697152890173
2026-03-17,Yale,UNC Wilmington,207,0.0007997072561058474
2026-03-17,Yale,UNC Wilmington,208,0.0007296233553544543
2026-03-17,Yale,UNC Wilmington,209,0.0006647182805801194
2026-03-17,Yale,UNC Wilmington,210,0.0006047002325130584
2026-03-17,Yale,UNC Wilmington,211,0.000549285882478653
2026-03-17,Yale,UNC Wilmington,212,0.0004982008253437599
2026-03-17,Yale,UNC Wilmington,213,0.00045117995392929397
2026-03-17,Yale,UNC Wilmington,214,0.00040796776030879137
2026-03-17,Yale,UNC Wilmington,215,0.0003683185689690871
2026-03-17,Yale,UNC Wilmington,216,0.0003319967064350955
2026-03-17,Yale,UNC Wilmington,217,0.0002987766116546704
2026-03-17,Yale,UNC Wilmington,218,0.0002684428911972757
2026-03-17,Yale,UNC Wilmington,219,0.00024079032313504328
2026-03-17,Yale,UNC Wilmington,220,0.0002156238133383831
2026-03-17,Yale,UNC Wilmington,221,0.00019275830782143808
2026-03-17,Yale,UNC Wilmington,222,0.00017201866470574693
2026-03-17,Yale,UNC Wilmington,223,0.00015323948932403596
2026-03-17,Yale,UNC Wilmington,224,0.00013626493595122
2026-03-17,Yale,UNC Wilmington,225,0.00012094847961840941
2026-03-17,Yale,UNC Wilmington,226,0.0001071526614310887
2026-03-17,Yale,UNC Wilmington,227,9.474881076884806e-05
2026-03-17,Yale,UNC Wilmington,228,8.361674768672408e-05
2026-03-17,Yale,UNC Wilmington,229,7.364446876415916e-05
2026-03-17,Yale,UNC Wilmington,230,6.472781955483694e-05
2026-03-17,Yale,UNC Wilmington,231,5.6770156678422196e-05
2026-03-17,Yale,UNC Wilmington,232,4.9682002463681667e-05
2026-03-17,Yale,UNC Wilmington,233,4.3380694902650255e-05
2026-03-17,Yale,UNC Wilmington,234,3.779003550916177e-05
2026-03-17,Yale,UNC Wilmington,235,3.2839937494490664e-05
2026-03-17,Yale,UNC Wilmington,236,2.846607648071051e-05
2026-03-17,Yale,UNC Wilmington,237,2.460954577160541e-05
2026-03-17,Yale,UNC Wilmington,238,2.121651799457858e-05
2026-03-17,Yale,UNC Wilmington,239,1.823791471804804e-05
2026-03-17,Yale,UNC Wilmington,240,1.5629085440184237e-05
2026-03-17,Yale,UNC Wilmington,241,1.334949713931302e-05
2026-03-17,Yale,UNC Wilmington,242,1.1362435376332133e-05
2026-03-17,Yale,UNC Wilmington,243,9.634717747299716e-06
2026-03-17,Yale,UNC Wilmington,244,8.136420301820348e-06
2026-03-17,Yale,UNC Wilmington,245,6.840617371517033e-06
2026-03-17,Yale,UNC Wilmington,246,5.7231350939542305e-06
2026-03-17,Yale,UNC Wilmington,247,4.762318771737239e-06
2026-03-17,Yale,UNC Wilmington,248,3.938814074718983e-06
2026-03-17,Yale,UNC Wilmington,249,3.235361975572397e-06
2026-03-17,Yale,UNC Wilmington,250,2.6366072054361915e-06
2026-03-17,Yale,UNC Wilmington,251,2.1289199266989925e-06
2026-03-17,Yale,UNC Wilmington,252,1.700230243820805e-06
2026-03-17,Yale,UNC Wilmington,253,1.3398751098167211e-06
2026-03-17,Yale,UNC Wilmington,254,1.0384571349224206e-06
2026-03-17,Yale,UNC Wilmington,255,7.877147641960056e-07
2026-03-17,Yale,UNC Wilmington,256,5.804032614970523e-07
2026-03-17,Yale,UNC Wilmington,257,4.1018591746474856e-07
2026-03-17,Yale,UNC Wilmington,258,2.7153488783820495e-07
2026-03-17,Yale,UNC Wilmington,259,1.5964106474659314e-07
2026-03-17,Yale,UNC Wilmington,260,7.033238649940956e-08
